-- MySQL dump 10.16  Distrib 10.1.14-MariaDB, for Linux (x86_64)
--
-- Host: localhost    Database: prodap
-- ------------------------------------------------------
-- Server version	10.1.14-MariaDB

/*!40101 SET @OLD_CHARACTER_SET_CLIENT=@@CHARACTER_SET_CLIENT */;
/*!40101 SET @OLD_CHARACTER_SET_RESULTS=@@CHARACTER_SET_RESULTS */;
/*!40101 SET @OLD_COLLATION_CONNECTION=@@COLLATION_CONNECTION */;
/*!40101 SET NAMES utf8 */;
/*!40103 SET @OLD_TIME_ZONE=@@TIME_ZONE */;
/*!40103 SET TIME_ZONE='+00:00' */;
/*!40014 SET @OLD_UNIQUE_CHECKS=@@UNIQUE_CHECKS, UNIQUE_CHECKS=0 */;
/*!40014 SET @OLD_FOREIGN_KEY_CHECKS=@@FOREIGN_KEY_CHECKS, FOREIGN_KEY_CHECKS=0 */;
/*!40101 SET @OLD_SQL_MODE=@@SQL_MODE, SQL_MODE='NO_AUTO_VALUE_ON_ZERO' */;
/*!40111 SET @OLD_SQL_NOTES=@@SQL_NOTES, SQL_NOTES=0 */;

--
-- Table structure for table `tbAfiliacao`
--

DROP TABLE IF EXISTS `tbAfiliacao`;
/*!40101 SET @saved_cs_client     = @@character_set_client */;
/*!40101 SET character_set_client = utf8 */;
CREATE TABLE `tbAfiliacao` (
  `idAfiliacao` int(10) unsigned NOT NULL AUTO_INCREMENT,
  `afiliacao` varchar(64) NOT NULL,
  `nivel` smallint(6) NOT NULL,
  PRIMARY KEY (`idAfiliacao`)
) ENGINE=InnoDB AUTO_INCREMENT=9 DEFAULT CHARSET=utf8;
/*!40101 SET character_set_client = @saved_cs_client */;

--
-- Dumping data for table `tbAfiliacao`
--

LOCK TABLES `tbAfiliacao` WRITE;
/*!40000 ALTER TABLE `tbAfiliacao` DISABLE KEYS */;
INSERT INTO `tbAfiliacao` VALUES (1,'Professor',3),(2,'Ciência da Computação',4),(3,'Engenharia da Computação',4),(4,'Sistemas de Informação',4),(5,'Secretária',1),(6,'Técnico',0),(7,'teste dkgjdf',4),(8,'teste afiliacao',4);
/*!40000 ALTER TABLE `tbAfiliacao` ENABLE KEYS */;
UNLOCK TABLES;

--
-- Table structure for table `tbAlocaLab`
--

DROP TABLE IF EXISTS `tbAlocaLab`;
/*!40101 SET @saved_cs_client     = @@character_set_client */;
/*!40101 SET character_set_client = utf8 */;
CREATE TABLE `tbAlocaLab` (
  `idLab` int(10) unsigned NOT NULL,
  `patrimonio` int(10) unsigned NOT NULL,
  PRIMARY KEY (`idLab`,`patrimonio`),
  KEY `patrimonio` (`patrimonio`),
  CONSTRAINT `tbAlocaLab_ibfk_1` FOREIGN KEY (`idLab`) REFERENCES `tbLaboratorio` (`idLab`) ON DELETE CASCADE ON UPDATE NO ACTION,
  CONSTRAINT `tbAlocaLab_ibfk_2` FOREIGN KEY (`patrimonio`) REFERENCES `tbEquipamento` (`patrimonio`) ON DELETE CASCADE ON UPDATE NO ACTION
) ENGINE=InnoDB DEFAULT CHARSET=latin1;
/*!40101 SET character_set_client = @saved_cs_client */;

--
-- Dumping data for table `tbAlocaLab`
--

LOCK TABLES `tbAlocaLab` WRITE;
/*!40000 ALTER TABLE `tbAlocaLab` DISABLE KEYS */;
/*!40000 ALTER TABLE `tbAlocaLab` ENABLE KEYS */;
UNLOCK TABLES;

--
-- Table structure for table `tbAlocaReEq`
--

DROP TABLE IF EXISTS `tbAlocaReEq`;
/*!40101 SET @saved_cs_client     = @@character_set_client */;
/*!40101 SET character_set_client = utf8 */;
CREATE TABLE `tbAlocaReEq` (
  `patrimonio` int(10) unsigned NOT NULL,
  `idReEq` int(10) unsigned NOT NULL,
  `idData` int(10) unsigned NOT NULL,
  PRIMARY KEY (`patrimonio`,`idReEq`,`idData`),
  KEY `idReEq` (`idReEq`),
  KEY `idData` (`idData`),
  CONSTRAINT `tbAlocaReEq_ibfk_1` FOREIGN KEY (`patrimonio`) REFERENCES `tbEquipamento` (`patrimonio`) ON DELETE CASCADE ON UPDATE NO ACTION,
  CONSTRAINT `tbAlocaReEq_ibfk_2` FOREIGN KEY (`idReEq`) REFERENCES `tbControleDataEq` (`idReEq`) ON DELETE CASCADE ON UPDATE NO ACTION,
  CONSTRAINT `tbAlocaReEq_ibfk_3` FOREIGN KEY (`idData`) REFERENCES `tbControleDataEq` (`idData`) ON DELETE CASCADE ON UPDATE NO ACTION
) ENGINE=InnoDB DEFAULT CHARSET=latin1;
/*!40101 SET character_set_client = @saved_cs_client */;

--
-- Dumping data for table `tbAlocaReEq`
--

LOCK TABLES `tbAlocaReEq` WRITE;
/*!40000 ALTER TABLE `tbAlocaReEq` DISABLE KEYS */;
INSERT INTO `tbAlocaReEq` VALUES (241235435,42,139);
/*!40000 ALTER TABLE `tbAlocaReEq` ENABLE KEYS */;
UNLOCK TABLES;

--
-- Table structure for table `tbAlocaReLab`
--

DROP TABLE IF EXISTS `tbAlocaReLab`;
/*!40101 SET @saved_cs_client     = @@character_set_client */;
/*!40101 SET character_set_client = utf8 */;
CREATE TABLE `tbAlocaReLab` (
  `idLab` int(10) unsigned NOT NULL,
  `idReLab` int(10) unsigned NOT NULL,
  PRIMARY KEY (`idLab`,`idReLab`),
  KEY `idReLab` (`idReLab`),
  CONSTRAINT `tbAlocaReLab_ibfk_1` FOREIGN KEY (`idLab`) REFERENCES `tbLaboratorio` (`idLab`) ON DELETE CASCADE ON UPDATE NO ACTION,
  CONSTRAINT `tbAlocaReLab_ibfk_2` FOREIGN KEY (`idReLab`) REFERENCES `tbReservaLab` (`idReLab`) ON DELETE CASCADE ON UPDATE NO ACTION
) ENGINE=InnoDB DEFAULT CHARSET=latin1;
/*!40101 SET character_set_client = @saved_cs_client */;

--
-- Dumping data for table `tbAlocaReLab`
--

LOCK TABLES `tbAlocaReLab` WRITE;
/*!40000 ALTER TABLE `tbAlocaReLab` DISABLE KEYS */;
INSERT INTO `tbAlocaReLab` VALUES (1,1),(1,2),(1,3),(1,26),(1,28),(1,30),(1,31),(1,39),(1,40),(1,41),(1,42),(1,43),(2,26),(2,28);
/*!40000 ALTER TABLE `tbAlocaReLab` ENABLE KEYS */;
UNLOCK TABLES;

--
-- Table structure for table `tbAvisos`
--

DROP TABLE IF EXISTS `tbAvisos`;
/*!40101 SET @saved_cs_client     = @@character_set_client */;
/*!40101 SET character_set_client = utf8 */;
CREATE TABLE `tbAvisos` (
  `idAviso` int(11) NOT NULL AUTO_INCREMENT,
  `tituloAviso` varchar(50) NOT NULL,
  `textoAviso` text NOT NULL,
  `dataAviso` date NOT NULL,
  `statusAviso` enum('Ativo','Inativo') NOT NULL DEFAULT 'Ativo',
  PRIMARY KEY (`idAviso`)
) ENGINE=InnoDB AUTO_INCREMENT=2 DEFAULT CHARSET=utf8;
/*!40101 SET character_set_client = @saved_cs_client */;

--
-- Dumping data for table `tbAvisos`
--

LOCK TABLES `tbAvisos` WRITE;
/*!40000 ALTER TABLE `tbAvisos` DISABLE KEYS */;
INSERT INTO `tbAvisos` VALUES (1,'Fale com o DCOMP','&lt;p&gt;&lt;b&gt;Telefone&lt;/b&gt;&lt;br&gt;+55 79 2105-6678&lt;/p&gt;&lt;p&gt;&lt;b&gt;E-mail&lt;/b&gt;&lt;br&gt;dcomp.sec@ufs.br&lt;/p&gt;&lt;p&gt;&lt;b&gt;Nova Sede&lt;/b&gt;&lt;br&gt;Anexa ao Centro de Vivência da UFS.&lt;/p&gt;&lt;p&gt;&lt;b&gt;Antiga Sede&lt;/b&gt;&lt;br&gt;Ao lado do Departamento de Engenharia Civil.&lt;/p&gt;','2015-09-25','Ativo');
/*!40000 ALTER TABLE `tbAvisos` ENABLE KEYS */;
UNLOCK TABLES;

--
-- Table structure for table `tbBlock`
--

DROP TABLE IF EXISTS `tbBlock`;
/*!40101 SET @saved_cs_client     = @@character_set_client */;
/*!40101 SET character_set_client = utf8 */;
CREATE TABLE `tbBlock` (
  `idBlock` int(10) unsigned NOT NULL AUTO_INCREMENT,
  `idUserBlock` int(10) unsigned NOT NULL,
  `idUser` int(10) unsigned DEFAULT NULL,
  `motivoBlock` text NOT NULL,
  `dataInicio` date NOT NULL,
  `dataFim` date NOT NULL,
  PRIMARY KEY (`idBlock`),
  KEY `idUserBlock` (`idUserBlock`),
  KEY `idUser` (`idUser`),
  CONSTRAINT `tbBlock_ibfk_1` FOREIGN KEY (`idUser`) REFERENCES `tbUsuario` (`idUser`) ON DELETE SET NULL ON UPDATE NO ACTION,
  CONSTRAINT `tbBlock_ibfk_2` FOREIGN KEY (`idUserBlock`) REFERENCES `tbUsuario` (`idUser`) ON DELETE CASCADE ON UPDATE NO ACTION
) ENGINE=InnoDB AUTO_INCREMENT=4 DEFAULT CHARSET=latin1;
/*!40101 SET character_set_client = @saved_cs_client */;

--
-- Dumping data for table `tbBlock`
--

LOCK TABLES `tbBlock` WRITE;
/*!40000 ALTER TABLE `tbBlock` DISABLE KEYS */;
INSERT INTO `tbBlock` VALUES (1,1,10,'fgnskdlgns sfkagnfdlkgnfsd fkgnksfdlng gnfdlksg lkfmsdg fkgntkdfgnfsdçlf gfkds onk fgnskdlgns sfkagnfdlkgnfsd fkgnksfdlng gnfdlksg lkfmsdg fkgntkdfgnfsdçlf gfkds onk','2015-10-13','2015-10-15'),(2,4,10,'teste ngkfefsd fgdfsgfgfagagfsv','2015-12-11','2015-12-13'),(3,4,10,'ghndfhgfh','2015-12-11','2015-12-13');
/*!40000 ALTER TABLE `tbBlock` ENABLE KEYS */;
UNLOCK TABLES;

--
-- Table structure for table `tbChoqueEq`
--

DROP TABLE IF EXISTS `tbChoqueEq`;
/*!40101 SET @saved_cs_client     = @@character_set_client */;
/*!40101 SET character_set_client = utf8 */;
CREATE TABLE `tbChoqueEq` (
  `idReEq` int(10) unsigned NOT NULL,
  `idData` int(10) unsigned NOT NULL,
  `idChoqueReEq` int(10) unsigned NOT NULL,
  `idChoqueData` int(10) unsigned NOT NULL,
  PRIMARY KEY (`idReEq`,`idData`,`idChoqueReEq`,`idChoqueData`),
  KEY `idData` (`idData`),
  KEY `idChoqueReEq` (`idChoqueReEq`),
  KEY `idChoqueData` (`idChoqueData`),
  CONSTRAINT `tbChoqueEq_ibfk_1` FOREIGN KEY (`idReEq`, `idData`) REFERENCES `tbControleDataEq` (`idReEq`, `idData`) ON DELETE CASCADE ON UPDATE NO ACTION,
  CONSTRAINT `tbChoqueEq_ibfk_2` FOREIGN KEY (`idReEq`) REFERENCES `tbReservaEq` (`idReEq`) ON DELETE CASCADE ON UPDATE NO ACTION,
  CONSTRAINT `tbChoqueEq_ibfk_3` FOREIGN KEY (`idData`) REFERENCES `tbData` (`idData`),
  CONSTRAINT `tbChoqueEq_ibfk_4` FOREIGN KEY (`idChoqueReEq`) REFERENCES `tbReservaEq` (`idReEq`) ON DELETE CASCADE ON UPDATE NO ACTION,
  CONSTRAINT `tbChoqueEq_ibfk_5` FOREIGN KEY (`idChoqueData`) REFERENCES `tbData` (`idData`)
) ENGINE=InnoDB DEFAULT CHARSET=utf8;
/*!40101 SET character_set_client = @saved_cs_client */;

--
-- Dumping data for table `tbChoqueEq`
--

LOCK TABLES `tbChoqueEq` WRITE;
/*!40000 ALTER TABLE `tbChoqueEq` DISABLE KEYS */;
/*!40000 ALTER TABLE `tbChoqueEq` ENABLE KEYS */;
UNLOCK TABLES;

--
-- Table structure for table `tbChoqueLab`
--

DROP TABLE IF EXISTS `tbChoqueLab`;
/*!40101 SET @saved_cs_client     = @@character_set_client */;
/*!40101 SET character_set_client = utf8 */;
CREATE TABLE `tbChoqueLab` (
  `idReLab` int(10) unsigned NOT NULL,
  `idData` int(10) unsigned NOT NULL,
  `idChoqueReLab` int(10) unsigned NOT NULL,
  `idChoqueData` int(10) unsigned NOT NULL,
  PRIMARY KEY (`idReLab`,`idData`,`idChoqueReLab`,`idChoqueData`),
  KEY `tbChoqueLab_ibfk_2` (`idData`),
  KEY `tbChoqueLab_ibfk_3` (`idChoqueReLab`),
  KEY `tbChoqueLab_ibfk_4` (`idChoqueData`),
  CONSTRAINT `tbChoqueLab_ibfk_1` FOREIGN KEY (`idReLab`) REFERENCES `tbControleDataLab` (`idReLab`) ON DELETE CASCADE ON UPDATE NO ACTION,
  CONSTRAINT `tbChoqueLab_ibfk_2` FOREIGN KEY (`idData`) REFERENCES `tbControleDataLab` (`idData`),
  CONSTRAINT `tbChoqueLab_ibfk_3` FOREIGN KEY (`idChoqueReLab`) REFERENCES `tbControleDataLab` (`idReLab`) ON DELETE CASCADE ON UPDATE NO ACTION,
  CONSTRAINT `tbChoqueLab_ibfk_4` FOREIGN KEY (`idChoqueData`) REFERENCES `tbControleDataLab` (`idData`)
) ENGINE=InnoDB DEFAULT CHARSET=utf8;
/*!40101 SET character_set_client = @saved_cs_client */;

--
-- Dumping data for table `tbChoqueLab`
--

LOCK TABLES `tbChoqueLab` WRITE;
/*!40000 ALTER TABLE `tbChoqueLab` DISABLE KEYS */;
INSERT INTO `tbChoqueLab` VALUES (43,109,17,109),(43,109,31,109),(43,109,40,109),(43,109,41,109),(43,109,42,109);
/*!40000 ALTER TABLE `tbChoqueLab` ENABLE KEYS */;
UNLOCK TABLES;

--
-- Table structure for table `tbChoqueSala`
--

DROP TABLE IF EXISTS `tbChoqueSala`;
/*!40101 SET @saved_cs_client     = @@character_set_client */;
/*!40101 SET character_set_client = utf8 */;
CREATE TABLE `tbChoqueSala` (
  `idReSala` int(10) unsigned NOT NULL,
  `idData` int(10) unsigned NOT NULL,
  `idChoqueReSala` int(10) unsigned NOT NULL,
  `idChoqueData` int(10) unsigned NOT NULL,
  PRIMARY KEY (`idReSala`,`idData`,`idChoqueReSala`,`idChoqueData`),
  KEY `idData` (`idData`),
  KEY `idChoqueSala` (`idChoqueReSala`),
  KEY `idChoqueData` (`idChoqueData`),
  CONSTRAINT `tbChoqueSala_ibfk_1` FOREIGN KEY (`idReSala`) REFERENCES `tbReservaSala` (`idReSala`) ON DELETE CASCADE ON UPDATE NO ACTION,
  CONSTRAINT `tbChoqueSala_ibfk_2` FOREIGN KEY (`idData`) REFERENCES `tbData` (`idData`),
  CONSTRAINT `tbChoqueSala_ibfk_4` FOREIGN KEY (`idChoqueData`) REFERENCES `tbData` (`idData`),
  CONSTRAINT `tbChoqueSala_ibfk_5` FOREIGN KEY (`idChoqueReSala`) REFERENCES `tbReservaSala` (`idReSala`) ON DELETE CASCADE ON UPDATE NO ACTION
) ENGINE=InnoDB DEFAULT CHARSET=latin1;
/*!40101 SET character_set_client = @saved_cs_client */;

--
-- Dumping data for table `tbChoqueSala`
--

LOCK TABLES `tbChoqueSala` WRITE;
/*!40000 ALTER TABLE `tbChoqueSala` DISABLE KEYS */;
INSERT INTO `tbChoqueSala` VALUES (2,136,1,136);
/*!40000 ALTER TABLE `tbChoqueSala` ENABLE KEYS */;
UNLOCK TABLES;

--
-- Table structure for table `tbControleDataEq`
--

DROP TABLE IF EXISTS `tbControleDataEq`;
/*!40101 SET @saved_cs_client     = @@character_set_client */;
/*!40101 SET character_set_client = utf8 */;
CREATE TABLE `tbControleDataEq` (
  `idReEq` int(10) unsigned NOT NULL,
  `idData` int(10) unsigned NOT NULL,
  `statusData` enum('Pendente','Aprovado','Entregue','Recebido','Expirado','Cancelado','Negado') NOT NULL,
  `justificativa` varchar(100) DEFAULT NULL,
  PRIMARY KEY (`idReEq`,`idData`),
  KEY `idData` (`idData`),
  CONSTRAINT `tbControleDataEq_ibfk_1` FOREIGN KEY (`idReEq`) REFERENCES `tbReservaEq` (`idReEq`) ON DELETE CASCADE ON UPDATE NO ACTION,
  CONSTRAINT `tbControleDataEq_ibfk_2` FOREIGN KEY (`idData`) REFERENCES `tbData` (`idData`)
) ENGINE=InnoDB DEFAULT CHARSET=latin1;
/*!40101 SET character_set_client = @saved_cs_client */;

--
-- Dumping data for table `tbControleDataEq`
--

LOCK TABLES `tbControleDataEq` WRITE;
/*!40000 ALTER TABLE `tbControleDataEq` DISABLE KEYS */;
INSERT INTO `tbControleDataEq` VALUES (1,7,'Expirado',NULL),(2,8,'Expirado',NULL),(3,9,'Expirado',NULL),(4,10,'Expirado',NULL),(5,8,'Expirado',NULL),(7,15,'Expirado',NULL),(8,17,'Expirado',NULL),(9,17,'Expirado',NULL),(10,18,'Expirado',NULL),(11,19,'Expirado',NULL),(12,19,'Expirado',NULL),(13,19,'Expirado',NULL),(14,19,'Expirado',NULL),(15,19,'Expirado',NULL),(16,19,'Expirado',NULL),(18,50,'Expirado',NULL),(19,51,'Expirado',NULL),(20,52,'Expirado',NULL),(21,53,'Expirado',NULL),(22,55,'Negado','hgfhdfhfd'),(23,56,'Negado','fsgfsgfdsg'),(24,57,'Expirado',NULL),(25,58,'Expirado',NULL),(26,58,'Negado','dhfdhgdhfdh'),(27,59,'Negado',NULL),(28,59,'Negado','gdfsgfdgdfg'),(29,60,'Negado','fdhvhdvhvc'),(30,60,'Expirado',NULL),(31,58,'Negado','fbfdbvzbfg'),(32,58,'Negado','fhgfdgfdsgd'),(33,70,'Expirado',NULL),(33,71,'Expirado',NULL),(34,72,'Expirado',NULL),(34,73,'Expirado',NULL),(35,72,'Expirado',NULL),(35,73,'Expirado',NULL),(36,74,'Expirado',NULL),(36,75,'Expirado',NULL),(36,76,'Expirado',NULL),(36,77,'Expirado',NULL),(36,78,'Expirado',NULL),(36,79,'Aprovado',NULL),(36,80,'Aprovado',NULL),(36,81,'Aprovado',NULL),(36,82,'Aprovado',NULL),(37,83,'Expirado',NULL),(37,84,'Expirado',NULL),(37,85,'Expirado',NULL),(37,86,'Expirado',NULL),(37,87,'Expirado',NULL),(37,88,'Aprovado',NULL),(37,89,'Aprovado',NULL),(38,133,'Cancelado',''),(39,134,'Entregue',NULL),(40,135,'Entregue',NULL),(41,138,'Aprovado',NULL),(42,139,'Entregue',NULL),(43,148,'Aprovado',NULL),(45,148,'Cancelado','rgvdfsf');
/*!40000 ALTER TABLE `tbControleDataEq` ENABLE KEYS */;
UNLOCK TABLES;

--
-- Table structure for table `tbControleDataLab`
--

DROP TABLE IF EXISTS `tbControleDataLab`;
/*!40101 SET @saved_cs_client     = @@character_set_client */;
/*!40101 SET character_set_client = utf8 */;
CREATE TABLE `tbControleDataLab` (
  `idReLab` int(10) unsigned NOT NULL,
  `idData` int(10) unsigned NOT NULL,
  `idLab` int(10) unsigned NOT NULL DEFAULT '0',
  `statusData` enum('Pendente','Aprovado','Entregue','Recebido','Expirado','Cancelado','Negado') NOT NULL,
  `justificativa` varchar(100) DEFAULT NULL,
  PRIMARY KEY (`idReLab`,`idData`,`idLab`),
  KEY `idData` (`idData`),
  KEY `idLab` (`idLab`),
  CONSTRAINT `tbControleDataLab_ibfk_1` FOREIGN KEY (`idReLab`) REFERENCES `tbReservaLab` (`idReLab`) ON DELETE CASCADE ON UPDATE NO ACTION,
  CONSTRAINT `tbControleDataLab_ibfk_2` FOREIGN KEY (`idData`) REFERENCES `tbData` (`idData`),
  CONSTRAINT `tbControleDataLab_ibfk_3` FOREIGN KEY (`idLab`) REFERENCES `tbLaboratorio` (`idLab`) ON DELETE CASCADE ON UPDATE NO ACTION
) ENGINE=InnoDB DEFAULT CHARSET=latin1;
/*!40101 SET character_set_client = @saved_cs_client */;

--
-- Dumping data for table `tbControleDataLab`
--

LOCK TABLES `tbControleDataLab` WRITE;
/*!40000 ALTER TABLE `tbControleDataLab` DISABLE KEYS */;
INSERT INTO `tbControleDataLab` VALUES (1,6,1,'Expirado',NULL),(2,8,1,'Expirado',NULL),(3,8,1,'Expirado',NULL),(11,62,1,'Expirado',NULL),(12,63,1,'Expirado',NULL),(13,64,1,'Expirado',NULL),(14,65,1,'Expirado',NULL),(15,66,1,'Expirado',NULL),(15,67,1,'Expirado',NULL),(15,68,1,'Expirado',NULL),(15,69,1,'Expirado',NULL),(16,90,1,'Expirado',NULL),(16,91,1,'Expirado',NULL),(16,92,1,'Expirado',NULL),(16,93,1,'Expirado',NULL),(16,94,1,'Expirado',NULL),(17,77,1,'Expirado',NULL),(17,79,1,'Aprovado',NULL),(17,81,1,'Aprovado',NULL),(17,95,1,'Expirado',NULL),(17,96,1,'Expirado',NULL),(17,97,1,'Expirado',NULL),(17,98,1,'Aprovado',NULL),(17,99,1,'Aprovado',NULL),(17,100,1,'Aprovado',NULL),(17,101,1,'Aprovado',NULL),(17,102,1,'Aprovado',NULL),(17,103,1,'Aprovado',NULL),(17,104,1,'Aprovado',NULL),(17,105,1,'Aprovado',NULL),(17,106,1,'Aprovado',NULL),(17,107,1,'Aprovado',NULL),(17,108,1,'Aprovado',NULL),(17,109,1,'Aprovado',NULL),(17,110,1,'Aprovado',NULL),(17,111,1,'Aprovado',NULL),(18,80,1,'Pendente',NULL),(19,108,1,'Negado','tenkffxf'),(20,140,1,'Aprovado',NULL),(21,140,1,'Aprovado',NULL),(22,140,1,'Aprovado',NULL),(23,141,1,'Aprovado',NULL),(24,142,1,'Pendente',NULL),(25,143,1,'Pendente',NULL),(26,143,1,'Aprovado',NULL),(28,143,1,'Entregue',NULL),(29,144,1,'Cancelado','teste 23'),(29,145,1,'Cancelado','teste 23'),(29,146,1,'Cancelado','teste 23'),(29,147,1,'Cancelado','teste 23'),(30,108,1,'Pendente',NULL),(31,109,1,'Pendente',NULL),(40,109,1,'Pendente',NULL),(41,109,1,'Pendente',NULL),(42,109,1,'Pendente',NULL),(43,109,1,'Pendente',NULL);
/*!40000 ALTER TABLE `tbControleDataLab` ENABLE KEYS */;
UNLOCK TABLES;

--
-- Table structure for table `tbControleDataSala`
--

DROP TABLE IF EXISTS `tbControleDataSala`;
/*!40101 SET @saved_cs_client     = @@character_set_client */;
/*!40101 SET character_set_client = utf8 */;
CREATE TABLE `tbControleDataSala` (
  `idReSala` int(10) unsigned NOT NULL,
  `idData` int(10) unsigned NOT NULL,
  `statusData` enum('Pendente','Aprovado','Entregue','Recebido','Expirado','Cancelado','Negado') NOT NULL,
  `justificativa` varchar(50) NOT NULL,
  PRIMARY KEY (`idReSala`,`idData`),
  KEY `idData` (`idData`),
  CONSTRAINT `tbControleDataSala_ibfk_1` FOREIGN KEY (`idReSala`) REFERENCES `tbReservaSala` (`idReSala`) ON DELETE CASCADE ON UPDATE NO ACTION,
  CONSTRAINT `tbControleDataSala_ibfk_2` FOREIGN KEY (`idData`) REFERENCES `tbData` (`idData`)
) ENGINE=InnoDB DEFAULT CHARSET=latin1;
/*!40101 SET character_set_client = @saved_cs_client */;

--
-- Dumping data for table `tbControleDataSala`
--

LOCK TABLES `tbControleDataSala` WRITE;
/*!40000 ALTER TABLE `tbControleDataSala` DISABLE KEYS */;
INSERT INTO `tbControleDataSala` VALUES (1,136,'Pendente',''),(2,136,'Pendente',''),(3,153,'Pendente',''),(4,154,'Aprovado',''),(5,154,'Aprovado','');
/*!40000 ALTER TABLE `tbControleDataSala` ENABLE KEYS */;
UNLOCK TABLES;

--
-- Table structure for table `tbCor`
--

DROP TABLE IF EXISTS `tbCor`;
/*!40101 SET @saved_cs_client     = @@character_set_client */;
/*!40101 SET character_set_client = utf8 */;
CREATE TABLE `tbCor` (
  `idCor` int(11) unsigned NOT NULL AUTO_INCREMENT,
  `cor` varchar(7) NOT NULL,
  PRIMARY KEY (`idCor`)
) ENGINE=InnoDB AUTO_INCREMENT=11 DEFAULT CHARSET=latin1;
/*!40101 SET character_set_client = @saved_cs_client */;

--
-- Dumping data for table `tbCor`
--

LOCK TABLES `tbCor` WRITE;
/*!40000 ALTER TABLE `tbCor` DISABLE KEYS */;
INSERT INTO `tbCor` VALUES (1,'#3498DB'),(2,'#E67E22'),(3,'#1ABC9C'),(4,'#9B59B6'),(5,'#FF0000'),(6,'#60FF00'),(7,'#0400FF'),(8,'#FF00EB'),(9,'#26FF00'),(10,'#00FFB7');
/*!40000 ALTER TABLE `tbCor` ENABLE KEYS */;
UNLOCK TABLES;

--
-- Table structure for table `tbData`
--

DROP TABLE IF EXISTS `tbData`;
/*!40101 SET @saved_cs_client     = @@character_set_client */;
/*!40101 SET character_set_client = utf8 */;
CREATE TABLE `tbData` (
  `idData` int(10) unsigned NOT NULL AUTO_INCREMENT,
  `inicio` datetime NOT NULL,
  `fim` datetime NOT NULL,
  PRIMARY KEY (`idData`)
) ENGINE=InnoDB AUTO_INCREMENT=155 DEFAULT CHARSET=latin1;
/*!40101 SET character_set_client = @saved_cs_client */;

--
-- Dumping data for table `tbData`
--

LOCK TABLES `tbData` WRITE;
/*!40000 ALTER TABLE `tbData` DISABLE KEYS */;
INSERT INTO `tbData` VALUES (6,'2015-09-08 15:00:00','2015-09-08 16:00:00'),(7,'2015-09-09 12:00:00','2015-09-09 14:00:00'),(8,'2015-09-09 00:00:00','2015-09-09 23:59:00'),(9,'2015-09-09 00:00:00','2015-09-09 00:00:00'),(10,'2015-09-10 00:00:00','2015-09-10 23:59:00'),(11,'2015-09-23 00:00:00','2015-09-23 23:59:00'),(12,'2015-09-24 00:00:00','2015-09-24 23:59:00'),(13,'2015-10-07 16:00:00','2015-10-07 17:00:00'),(14,'2015-10-07 16:00:00','2015-10-07 22:00:00'),(15,'2015-10-07 01:00:00','2015-10-07 18:00:00'),(16,'2015-10-07 02:00:00','2015-10-07 18:00:00'),(17,'2015-10-07 18:00:00','2015-10-07 22:00:00'),(18,'2015-10-09 05:00:00','2015-10-09 18:00:00'),(19,'2015-10-20 05:00:00','2015-10-20 15:00:00'),(20,'2015-10-14 08:00:00','2015-10-14 11:00:00'),(21,'2015-10-14 08:00:00','0000-00-00 00:00:00'),(22,'2015-10-19 05:00:00','2015-10-19 08:00:00'),(23,'2015-10-14 05:00:00','2015-10-14 08:00:00'),(24,'2015-10-21 05:00:00','2015-10-21 08:00:00'),(25,'2015-10-15 05:00:00','2015-10-15 08:00:00'),(26,'2015-10-22 05:00:00','2015-10-22 08:00:00'),(27,'2015-10-21 07:00:00','2015-10-21 09:00:00'),(28,'2015-10-28 07:00:00','2015-10-28 09:00:00'),(29,'2015-11-04 07:00:00','2015-11-04 09:00:00'),(30,'2015-11-11 07:00:00','2015-11-11 09:00:00'),(31,'2015-11-18 07:00:00','2015-11-18 09:00:00'),(32,'2015-11-25 07:00:00','2015-11-25 09:00:00'),(33,'2015-12-02 07:00:00','2015-12-02 09:00:00'),(34,'2015-12-09 07:00:00','2015-12-09 09:00:00'),(35,'2015-12-16 07:00:00','2015-12-16 09:00:00'),(36,'2015-12-23 07:00:00','2015-12-23 09:00:00'),(37,'2015-12-30 07:00:00','2015-12-30 09:00:00'),(38,'2015-10-16 07:00:00','2015-10-16 09:00:00'),(39,'2015-10-23 07:00:00','2015-10-23 09:00:00'),(40,'2015-10-30 07:00:00','2015-10-30 09:00:00'),(41,'2015-11-06 07:00:00','2015-11-06 09:00:00'),(42,'2015-11-13 07:00:00','2015-11-13 09:00:00'),(43,'2015-11-20 07:00:00','2015-11-20 09:00:00'),(44,'2015-11-27 07:00:00','2015-11-27 09:00:00'),(45,'2015-12-04 07:00:00','2015-12-04 09:00:00'),(46,'2015-12-11 07:00:00','2015-12-11 09:00:00'),(47,'2015-12-18 07:00:00','2015-12-18 09:00:00'),(48,'2015-12-25 07:00:00','2015-12-25 09:00:00'),(49,'2016-01-01 07:00:00','2016-01-01 09:00:00'),(50,'2015-10-21 00:00:00','2015-10-21 09:00:00'),(51,'2015-10-21 10:00:00','2015-10-21 15:00:00'),(52,'2015-10-23 00:00:00','2015-10-23 02:00:00'),(53,'2015-10-23 02:00:00','2015-10-23 04:00:00'),(54,'2015-10-23 00:00:00','2015-10-23 04:00:00'),(55,'2015-10-26 00:00:00','2015-10-26 04:00:00'),(56,'2015-10-26 04:00:00','2015-10-26 06:00:00'),(57,'2015-10-26 00:00:00','2015-10-26 07:00:00'),(58,'2015-10-26 00:00:00','2015-10-26 02:00:00'),(59,'2015-10-26 06:00:00','2015-10-26 08:00:00'),(60,'2015-10-26 01:00:00','2015-10-26 04:00:00'),(61,'2015-10-27 00:00:00','2015-10-27 02:00:00'),(62,'2015-10-27 00:00:00','2015-10-27 04:00:00'),(63,'2015-10-27 02:00:00','2015-10-27 06:00:00'),(64,'2015-10-27 04:00:00','2015-10-27 08:00:00'),(65,'2015-10-27 06:00:00','2015-10-27 08:00:00'),(66,'2015-10-28 06:00:00','2015-10-28 10:00:00'),(67,'2015-11-04 06:00:00','2015-11-04 10:00:00'),(68,'2015-10-30 06:00:00','2015-10-30 10:00:00'),(69,'2015-11-06 06:00:00','2015-11-06 10:00:00'),(70,'2015-10-29 08:00:00','2015-10-29 00:00:00'),(71,'2015-10-30 08:00:00','2015-10-30 00:00:00'),(72,'2015-10-29 08:00:00','2015-10-29 10:00:00'),(73,'2015-10-30 08:00:00','2015-10-30 10:00:00'),(74,'2015-10-29 10:00:00','2015-10-29 12:00:00'),(75,'2015-11-02 10:00:00','2015-11-02 12:00:00'),(76,'2015-11-05 10:00:00','2015-11-05 12:00:00'),(77,'2015-11-09 10:00:00','2015-11-09 12:00:00'),(78,'2015-11-12 10:00:00','2015-11-12 12:00:00'),(79,'2015-11-16 10:00:00','2015-11-16 12:00:00'),(80,'2015-11-19 10:00:00','2015-11-19 12:00:00'),(81,'2015-11-23 10:00:00','2015-11-23 12:00:00'),(82,'2015-11-26 10:00:00','2015-11-26 12:00:00'),(83,'2015-10-28 08:00:00','2015-10-28 10:00:00'),(84,'2015-11-02 08:00:00','2015-11-02 10:00:00'),(85,'2015-11-04 08:00:00','2015-11-04 10:00:00'),(86,'2015-11-09 08:00:00','2015-11-09 10:00:00'),(87,'2015-11-11 08:00:00','2015-11-11 10:00:00'),(88,'2015-11-16 08:00:00','2015-11-16 10:00:00'),(89,'2015-11-18 08:00:00','2015-11-18 10:00:00'),(90,'2015-10-29 12:00:00','2015-10-29 14:00:00'),(91,'2015-11-03 12:00:00','2015-11-03 14:00:00'),(92,'2015-11-05 12:00:00','2015-11-05 14:00:00'),(93,'2015-11-10 12:00:00','2015-11-10 14:00:00'),(94,'2015-11-12 12:00:00','2015-11-12 14:00:00'),(95,'2015-11-04 10:00:00','2015-11-04 12:00:00'),(96,'2015-11-06 10:00:00','2015-11-06 12:00:00'),(97,'2015-11-11 10:00:00','2015-11-11 12:00:00'),(98,'2015-11-13 10:00:00','2015-11-13 12:00:00'),(99,'2015-11-18 10:00:00','2015-11-18 12:00:00'),(100,'2015-11-20 10:00:00','2015-11-20 12:00:00'),(101,'2015-11-25 10:00:00','2015-11-25 12:00:00'),(102,'2015-11-27 10:00:00','2015-11-27 12:00:00'),(103,'2015-11-30 10:00:00','2015-11-30 12:00:00'),(104,'2015-12-02 10:00:00','2015-12-02 12:00:00'),(105,'2015-12-04 10:00:00','2015-12-04 12:00:00'),(106,'2015-12-07 10:00:00','2015-12-07 12:00:00'),(107,'2015-12-09 10:00:00','2015-12-09 12:00:00'),(108,'2015-12-11 10:00:00','2015-12-11 12:00:00'),(109,'2015-12-14 10:00:00','2015-12-14 12:00:00'),(110,'2015-12-16 10:00:00','2015-12-16 12:00:00'),(111,'2015-12-18 10:00:00','2015-12-18 12:00:00'),(112,'2015-11-05 07:00:00','2015-11-05 07:00:00'),(113,'2015-11-06 07:00:00','2015-11-06 07:00:00'),(114,'2015-11-12 07:00:00','2015-11-12 07:00:00'),(115,'2015-11-13 07:00:00','2015-11-13 07:00:00'),(116,'2015-11-19 07:00:00','2015-11-19 07:00:00'),(117,'2015-11-20 07:00:00','2015-11-20 07:00:00'),(118,'2015-11-05 12:00:00','2015-11-05 12:00:00'),(119,'2015-11-06 12:00:00','2015-11-06 12:00:00'),(120,'2015-11-12 12:00:00','2015-11-12 12:00:00'),(121,'2015-11-13 12:00:00','2015-11-13 12:00:00'),(122,'2015-11-19 12:00:00','2015-11-19 12:00:00'),(123,'2015-11-20 12:00:00','2015-11-20 12:00:00'),(124,'2015-11-05 10:00:00','2015-11-05 15:00:00'),(125,'2015-11-06 10:00:00','2015-11-06 15:00:00'),(126,'2015-11-12 10:00:00','2015-11-12 15:00:00'),(127,'2015-11-13 10:00:00','2015-11-13 15:00:00'),(128,'2015-11-19 10:00:00','2015-11-19 15:00:00'),(129,'2015-11-20 10:00:00','2015-11-20 15:00:00'),(130,'2015-11-09 00:00:00','2015-11-09 00:00:00'),(131,'2015-11-09 12:00:00','2015-11-25 14:00:00'),(132,'2015-11-10 06:00:00','2015-11-10 08:00:00'),(133,'2015-11-17 09:00:00','2015-11-17 11:00:00'),(134,'2015-11-24 10:00:00','2015-11-24 12:00:00'),(135,'2015-11-24 14:00:00','2015-11-24 16:00:00'),(136,'2015-11-26 10:00:00','2015-11-26 13:00:00'),(137,'2015-12-10 10:00:00','2015-12-10 14:00:00'),(138,'2015-12-10 10:00:00','2015-12-10 15:00:00'),(139,'2015-12-10 13:00:00','2015-12-10 15:00:00'),(140,'2015-12-10 10:00:00','2015-12-10 12:00:00'),(141,'2015-12-10 13:00:00','2015-12-10 16:00:00'),(142,'2015-12-10 14:00:00','2015-12-10 16:00:00'),(143,'2015-12-10 14:00:00','2015-12-10 18:00:00'),(144,'2015-12-15 12:00:00','2015-12-15 14:00:00'),(145,'2015-12-22 12:00:00','2015-12-22 14:00:00'),(146,'2015-12-17 12:00:00','2015-12-17 14:00:00'),(147,'2015-12-24 12:00:00','2015-12-24 14:00:00'),(148,'2015-12-10 08:00:00','2015-12-10 10:00:00'),(149,'2015-12-14 12:00:00','2015-12-14 14:00:00'),(150,'2015-12-21 12:00:00','2015-12-21 14:00:00'),(151,'2015-12-16 12:00:00','2015-12-16 14:00:00'),(152,'2015-12-23 12:00:00','2015-12-23 14:00:00'),(153,'2015-12-11 10:00:00','2015-12-11 14:00:00'),(154,'2015-12-11 12:00:00','2015-12-11 14:00:00');
/*!40000 ALTER TABLE `tbData` ENABLE KEYS */;
UNLOCK TABLES;

--
-- Table structure for table `tbEquipamento`
--

DROP TABLE IF EXISTS `tbEquipamento`;
/*!40101 SET @saved_cs_client     = @@character_set_client */;
/*!40101 SET character_set_client = utf8 */;
CREATE TABLE `tbEquipamento` (
  `patrimonio` int(10) unsigned NOT NULL AUTO_INCREMENT,
  `idTipoEq` int(10) unsigned DEFAULT NULL,
  `modelo` varchar(255) NOT NULL,
  `statusEq` enum('Ativo','Inativo') NOT NULL,
  PRIMARY KEY (`patrimonio`),
  KEY `tbEquipamento_FKIndex1` (`idTipoEq`),
  KEY `idTipoEqp` (`idTipoEq`),
  CONSTRAINT `tbEquipamento_ibfk_1` FOREIGN KEY (`idTipoEq`) REFERENCES `tbTipoEq` (`idTipoEq`) ON DELETE SET NULL ON UPDATE NO ACTION
) ENGINE=InnoDB AUTO_INCREMENT=2152344235 DEFAULT CHARSET=latin1;
/*!40101 SET character_set_client = @saved_cs_client */;

--
-- Dumping data for table `tbEquipamento`
--

LOCK TABLES `tbEquipamento` WRITE;
/*!40000 ALTER TABLE `tbEquipamento` DISABLE KEYS */;
INSERT INTO `tbEquipamento` VALUES (46523643,3,'hgfhgdshgdgdfsg','Ativo'),(241235435,2,'fdgsfdhfdgfdsgdfg','Ativo'),(2152344234,3,'gregfegbfdshdhgdfb','Ativo');
/*!40000 ALTER TABLE `tbEquipamento` ENABLE KEYS */;
UNLOCK TABLES;

--
-- Table structure for table `tbImagem`
--

DROP TABLE IF EXISTS `tbImagem`;
/*!40101 SET @saved_cs_client     = @@character_set_client */;
/*!40101 SET character_set_client = utf8 */;
CREATE TABLE `tbImagem` (
  `idUser` int(10) unsigned NOT NULL,
  `imagem` blob NOT NULL,
  PRIMARY KEY (`idUser`),
  CONSTRAINT `tbImagem_ibfk_1` FOREIGN KEY (`idUser`) REFERENCES `tbUsuario` (`idUser`) ON DELETE CASCADE ON UPDATE NO ACTION
) ENGINE=InnoDB DEFAULT CHARSET=latin1;
/*!40101 SET character_set_client = @saved_cs_client */;

--
-- Dumping data for table `tbImagem`
--

LOCK TABLES `tbImagem` WRITE;
/*!40000 ALTER TABLE `tbImagem` DISABLE KEYS */;
INSERT INTO `tbImagem` VALUES (3,'PNG\r\n\Z\n\0\0\0\rIHDR\0\0\0\0\0\0\0\0\0}ĵ\0\00IDATx흉Ź?QQD6APXdS\"\Z1B7\\rݎ5 DqAwOs뫯g{y_kkTK^=TU)S}Q}{ٳ޽{s1\'?ѣ3;w:t>r9ST3$yŬ`ҫWXt\nGnb?ާsEW{	./`ҵk}>8Cx|uʥfyP^.m#c01]>:CT6<\\\"^0Gh`бcJ\'2+.pQ&M8#0C\\l}&e15谙l6.2&7>x5Qx\0S|pWyZ0ov\0=CC8p\0UFE~#Ɯ͉+p@:(uG;1I&,&ՏhD-&z	ǻFR%tЎ|COp	.&N&Fk;D0	v!%*\r*\\A>#\\\n.WrT;\r&>0vm-?0S=I6\'`|LtAAdЅ3;:uY3UnTCr$vڕA\'WoT\"I0v(s3JOIIɔ>\'D~%t_xb1a<,M˸jtgl;b#Q.&LDvZN*gt1fTMk?Lʨk\'a&C\r !A0*H	h +b!bg/96;񻢃My^]$6ui?	CT$hiEQLjW޷KfFE9,0\0+D	X\ZlaMn..M[W׬3̝K9gOpU( ȹ#lL$\\҃}iBF*,\Z}\"f;faVpRÆ\0QZI@K5[OJM&>s:F~j\0&Gkq^K*=Dsh`X50ihb&\rͧ)l\"EL,>Pah($3PLILGe7B-Z\0Dy.BFBsHrm\'\']4W*wL> I^@z~76ټ,\\pw2DcsI\0͓6VkR4h7\\j8GKQTKVK0Rj<QUZZ\r$]Y-ƨ^p=\r߹F{*lFvO ô\"hi0OA5FX JKjl\\ڌ7(Dz*rTź,<\0:<A( mK5In48Ҋh3g̄K\ZfĂp%0Iܞas^F\0emKh?YC$=<祅Nc5[;W	&fuA,n4<4l,åIXM\\gOX.(e҃h/>1mnXPf\0LK^l5\'m\"uIﻐձiK\\y$4VTl㐕^yQ0G3BYh1\0}`6*\\JØ<6ms]oy혮swĜJ|1(gJQEg.A.)$X)mCvYZMAbEc;0ΌO\nݎqXkK3RC&05qɪrB71&-w՞gR^>PMW3ÆL\nz8SOJ:*1,oga&E\n-B^U=\\	Sȟ4R!tҽH\nSmdT\';2t\0?~\0]\"]:[_ZJ\rƸ~I\0W\n^Ҏߒ\'JS`獺Rytaה>iVܼrX֚&\'װ\"L?[m6`!SBJC|7\\J{j4[^^nXWx0o\0EF1?%\0dft-/5ZY\\8~xծ{-\\EK5pUEF.¢N\"6DU4.}Zs\0q`i*nIMDWO.4ڋ*QZhC4a64`J@@KpB\n-*\nҟ<\\)duMV:ϳ\"l*U){cb%O\Z0W\\rIJh`UN]*JILWtÕP\\{J^\\h,vf+/¦RÕRv6񋼾$K\0phOR=aKX906`\">\\!\\IC8lWtȢ\rZ0ޱ1Q&&mWW\\5VFsN\"vWeN8J\0W3qKzcy&\ZU=w~*a9쾛[W\\`JSA<VlUP7h\\6ܸ#A9O?N}Vs,l~=\\?zsL\0Xug{*(h-&E\\\0{v(DF{\0f\\%t\Zs,XY5\0pͽrW&GZ2a~e!s7y3\rq6,*(\\r^\0ƼB.\\qN}LXp+,aT><7hW˥dW䳧ooy?dGwJX8fL/	0f\'DsE1\rLUL4`p8W%pŝ4&oEo\\0 V\nzBr[fUl(M$il>3\\BeNpPE+>O\"*\'=\\3<\\)\\.mZ&p5\\ݺt=(	\\yU0I䨳[BfxF#\'yM B#`j,l=6b\n<6)\\ad	fBW\\ߕǫr!+UE\n=\\bUAc&Ƅ20tU\\qWF#7[P5ol;.3J!\ZHqeUa;먻<\\\rk3m=\\wIK\ZxXR?ve\nÒgiR=׶W_]zqoJ}͂[=yz}JC1@ع~:w򻨪xݟ_l,-+f.\ZvvsWRo-<7PT\n{=ȍDnL\0þ\\Oتʄk!A+js4uK4d\\̂FB1?z\\i\\l*Rɡ*\Zt*_S4olhQMAmpep\'7d+o*zi8-?	^aTt@WVEB5<&IM+񛟫.~[G~u圲ׅ&K÷J_5ͳc[/o_3R=?X\0P\\f}	5KJ\"9blpI3$6NSjYQ_G7OjZ䉀KCafaϒ%4˼9w/*i~-KN5YPIڹ<=K/Rl-B24Lw4o6tk׫g\rbBk\nׇ!wόfǦ}PE)2\rşDڕ|.,.}Rޘw_ݏސ[jGs~jsfH6O뱛jJUead\'W,J{T}s&B%GV\rj<{`-y7Fu=un#tލV_ჿ%\\hqޞ[$%=M?D56kĚpFOukFVE+l]d2e%/3,*|q{L03YTgf^Ұ\nkG`MY^Ea~)Y\ZC>)/ѭrCFOQ;Ԯ~A)8\'4QOk:\\ǌ25$ߍp[|Y9hRM6hR\\,B\'Uoޤ~w8u#ռ1cz	\\}R\'u9XK5{V;wlS诏Hd5_7]UЩ#{o%?VJ̝ۿϜNSun!gBgxQ3{60w]@f&)eR|f^\\DWp9kzfrYLh߮upxmw*0_	m*\0`具=jGM;uꄎ?)/<S&x>0hu+Ъ9I^\nZ3_zsN{g3N9D&\ZFn^tN0ތmH \"p\n\"8K-[Qح[Pª%ZR%\'nŦS~1:2_::dwuQ|z~2p\0`߶w<ugZzQ.={LzN_8\'c^Eg[WjHw\rA48Za.a&N؁`޿:1?UG]XZx3l/\0U~۫&ܷ7d3\'\rx3)9;ż%U\Z:\\D>?.VS%!x.v=*1]zJ6C\r;bq|L_Nc.8\0k/mkr,qPSa/vZk/?iԕ睪{kS#w>3T^uY3Yo^sNc^\\6b=eX[,43Q)G\Z׭MPb\n饱E3ͅ7=?,;fv\rA_sM\Z4AׂKQh2_;uYg<\'yGBأFt$$fJ=~~hTvY\'~\\4B1[^S./9V3~9{\05uh.1KrIǪJqbfp}&gJ8{R?5igU/xU/p\Zڧ>yDi֔7a3p%O28rQw&lˬ+LK㋿Wj띷Ps/@tY??.`3X5c\\ݷ.o|_Wi,`ZMyyK~ٝ+j,3l/0ds%.\"gd=|`08	S9NմA\r\\O$[>~n\rA+쓏;mKW\'].qڊ^VfϮU-$ۖD>76O܃aåG\nIG$\Z7}\Z0}.!Er_r7nJt\'nUgIGbmj捡x]R|/S\\Uk5O*/ݯz梶0ȻDf&(\'>}Gz9\',aja<p{g㻇=9@6`,\\>|8Eax\\_Z?ZPfns.KΙA\r2\\194D6ɺLU$B$p| eKKJ_{@_sQ+K`w*\r$mVj9rЭiÇF>㌗enXS%m\n	nm~@\",<\\ha\Z~7\0Ju^L$Tj!6;~]dVjHB	.CMVp+Il2-1	];|î֯ekZIİkZ}׽/>Pp%`~9nK_uEIXVzbVPrzO3uIc+a}aCZ\r<0{J.uh(`n<\\<z*i(([Z\rkC=4k1ZW5\\IǞ`\\l0-ut0\re$-B#\'Ep^6sP$ХKVlɓI;j\r3vf+ꖓEc2g2RH]bV:\\z8]rTO\"aa.5O#-\\zq\"W.V~4ԭ}dpdye\ZY{\'r15:\\I\"TqA冘m^KXBåZAX |èKǳ1/\nWN~+f<.3tҺ/VǓJ#2Xi\Z\'&ps}\0Fp=IyEtZ6Hj<eԻSas^(4\"N^&_2cJ\Z:\\D\r%(p%	fHEKP^cnHK>P^,wa\ZoT38å\\,y)w*\\j:$.شaJ̐[(OթͼUym\'\\&lԝF\ZYzNK*I 7\n\\䷤`	\ZP@$5\\1	ɣq;s18@\'Cם1	BJӾ76D\"H@Td+[\rS2/NY,]9ZI$\r<pw-df~KC;_.>,\\6ALC\n;]U4pZA;pބKJ:Cs|W疣I\nx}<ֻK[-7l˯(c\\;vUnnqvyc(wUd2G$U#D&!Bb9.*ꂋ<&%Kpq|b!2\\d楧ܛLBp;\\K&m\rf-ڟPzܨRI\'.ڼ1E_MpUR`*8[c0)\\J&\\a`>SDm|\Z5~?kQ>K\"V9\'s+ϑ.OKofvb:,tZV梏kDSczmY:Yc.Mg1צpU	.v1s\'Lt?\ru[p,\\354@uVauvzD<P39j$J.f73\'pӍWgٓ#~ VݦK20)toIyHVo;O%c.ܷ[s\0kd5Vk߿|&<I#2>y<_((kA4@Dz)ȝ^EwE]bf9=$oQ\nByoTN*reaUa\'2	mG d.êmbN~W^y?>0fh@G	PW.L7	o.Y\r09$]U߲%1LW+o\n	?5Mt--;$q,ݛ\\[L\Z.M(ȑ\04,F(D-C\\-OX*z~&y7]H7 !7$yFȢːib暹5;o\Z41;oLxI\'7IK?Ґ`μ$]Ӻ){	+k`#}qwLB=U$Sed˽iS\npT\'	l4,[+y\rp6$o\ZoabJF\rd4\\z^WuB*uz9|)TsK\\=T6HReĥPW*2p9]dPk@4K|ȉj	iBw|GBze0͠.\rZ\ZFB3MdJr\0 t>^-şQ>b^\".~ot4p.ݴWC\0WqfZMW\Zˡ$Z+\'x2^N:6iL)M<=\\5֐Td~B䵊pTUaӯEH֒<wpeѥb(W-WqkI%_U?\\A,ʥߞ&7\'0xܵqy-il`SeIq֣3/!Ŋ/o蠇+m[\\r^Ml\0\rюz^6ᲄ\rEhVZﶊthpf܈:RpUX&z_Y7,EnWճaXI݃́X\0G3;)\\=o\ZHfeyRS\'a(<VOp{ afdBpyJbdXh\0el<\\pnAaU\Z0X63r;ŗK?>!f&0[0<:\\#]o;jV435̃QAMsf/wo<`ܳkۿW:wbdSpE All}ѿzp6B/\0{b?mI\"z\0\'._UW_py~zU^?|b>	4!9Â2z\rSնq<dpy,W`Ť-@\nTҼ\',yay|\00a\\^~ѩP%\'?LVҨݏR|Axay|\0L_+nhmzaSV.`}gx?{i*Xd.hQK3Qjuڿ1G}o{f?ݱRM\n\0~䆪#ڊ^hOe/LñcF3/VK[jTm2uy眥N:qԩTWTzZZme\\L@9iԩS9ԓՌS^lpʍXjM*}}5HY2Ֆf2؜!q*}=CjܸqOVW]vm5ltS&6>6@WQ<iȐ!j̘1Nu]*:fSE+\0Lw&ȝ]Mk*4׻d2>JyEݻ=z\"s᪓fbc\"	իW\09;j|51`h~?#:vUJQ͛7[ac~\0M4	<Z>i1)4rH5yEl2?ukRA&$W]jށ,&fJ/ؐ[NM8QM2%.ݢ@&LN;45x`4H\"RD]1Yfj0?˽\0M\\nlh,YN=Tug8e\nk֒WuN$\n.d۶mZ/>Y{s=.|;TܳaW6cǎ\rmpfÌԵ\Zv@kSމ$p\\RUg7>TFPBeEPD|oﾩoܸ1\0+k\\@oziRz0J.2Dlo߾ݻi]>Bl1W,%v\"ERri{_z\\}ŧگ9sb4_Y̵D!1}	\0Yi-(GPI%ng\nɻh=-eg&Vz`$,*|rπ\r֐.`\\PYP)\\~aM\0cQ߼.EV6%rYg. =q͆^+>f*d)l|VȤѪK|Z5}>҅|h#L!AP͵J7\rL_5}o@빷k\r.	A\nSe>\0F-<X5abB@&e6j7y/>ЎxBWؿ?ѣز\\\']$Z\rJg=@@1Ço39K1kR(෻lA]d^dmD.FRgyffZ=b-XȑuX$@18Q!pK$~\"Př\"z\rrK,6l*)\\ZCs%\0C,ݵ-ͮ- e0j*\' de;ReB[iuq%-֒eJh,{2pq\Z*Jd<\0\rEZ5:IN9唊}4,fQ#[-.s5 Fz\0uI*L1Uo\\>9Dgۗ7满ì\0S(:Æ\r.2ݿs	%Vw8k×8p`\0DK1 LݧO!\\eG;	[VdY7}Da渢,JYS.fX|.,&9*ZH%rbz|Y`	Ǜi\0߭eFD\0Pth<Y*\rևqDV\Z3Tp\"\\lUz@k18̶0i1`kC]$+?&-eeVsD$;jСCDm9(U_SF&KZi-[^Dց-&e&\\\\\n7Ȯ\0d**b.UR_]U\\aU\ZYMi\Z|V3$Vg\\9ݺuk;1iS(0ΝU1~Rqi޽WD+k&aTATHڍ 6KIM\0#a%;/;wV>Lm\nSS[nU/Rm\0+id0K\'\\G1.\'+>bF*Ku ѠJYUp\r2K^{-hmw,D-u%\\V9PֆTnĈ\nbq~]m͎nK*ZZXnW%AS24/:6\rDX(5yǏ|ZĦĒa.QYr.UJ$^-iCQGeಸz\r^cO8\0~ߗɤ.%>,}4|6=fl\'h`\0c\"غK?IƟqf`FZj\\y:|몽Zh(_K@&w޹jlmM^Eoj$\'L[[RX6fh\'25^*H*BcZw	8&y*3K\"a;\0,JTԡZfmѨ=T軮|@\Z$eLfZI4FoױD.-ФSk9餓ʮ<噢|/Dpq,:,bүQ=|US\\bKcTݻ\0H\\ZG&Y`i/{!(cf.\\c}= a<i.Ep-7jwcP%\"f~3m]9ZżB~7ɋ@}癔5f\"c\'f\"N^QpzءY\"A.9Rb+f$Pipb	#H86mrSO2|%(\nZ/,*)k2M*,F|?k9nm;>um4!!8]\"O+%U9!4zIHSB*=Ɛehԫ6ZcF]-Iغ7NȈ#r5LvΝ[FFߕȆ\r\"˟L\"\'7o^UVv{q8_\rj<u/foT`5a+Mfs#|QZ_E+ʲ0Ie;6h-	l3&̱Qi7_LT\0\0\0\0IENDB`PNG\r\n\Z\n\0\0\0\rIHDR\0\0\0\0\0\0\0\0\0}ĵ\0\00IDATx흉Ź?QQD6APXdS\"\Z1B7\\rݎ5 DqAwOs뫯g{y_kkTK^=TU)S}Q}{ٳ޽{s1\'?ѣ3;w:t>r9ST3$yŬ`ҫWXt\nGnb?ާsEW{	./`ҵk}>8Cx|uʥfyP^.m#c01]>:CT6<\\\"^0Gh`бcJ\'2+.pQ&M8#0C\\l}&e15谙l6.2&7>x5Qx\0S|pWyZ0ov\0=CC8p\0UFE~#Ɯ͉+p@:(uG;1I&,&ՏhD-&z	ǻFR%tЎ|COp	.&N&Fk;D0	v!%*\r*\\A>#\\\n.WrT;\r&>0vm-?0S=I6\'`|LtAAdЅ3;:uY3UnTCr$vڕA\'WoT\"I0v(s3JOIIɔ>\'D~%t_xb1a<,M˸jtgl;b#Q.&LDvZN*gt1fTMk?Lʨk\'a&C\r !A0*H	h +b!bg/96;񻢃My^]$6ui?	CT$hiEQLjW޷KfFE9,0\0+D	X\ZlaMn..M[W׬3̝K9gOpU( ȹ#lL$\\҃}iBF*,\Z}\"f;faVpRÆ\0QZI@K5[OJM&>s:F~j\0&Gkq^K*=Dsh`X50ihb&\rͧ)l\"EL,>Pah($3PLILGe7B-Z\0Dy.BFBsHrm\'\']4W*wL> I^@z~76ټ,\\pw2DcsI\0͓6VkR4h7\\j8GKQTKVK0Rj<QUZZ\r$]Y-ƨ^p=\r߹F{*lFvO ô\"hi0OA5FX JKjl\\ڌ7(Dz*rTź,<\0:<A( mK5In48Ҋh3g̄K\ZfĂp%0Iܞas^F\0emKh?YC$=<祅Nc5[;W	&fuA,n4<4l,åIXM\\gOX.(e҃h/>1mnXPf\0LK^l5\'m\"uIﻐձiK\\y$4VTl㐕^yQ0G3BYh1\0}`6*\\JØ<6ms]oy혮swĜJ|1(gJQEg.A.)$X)mCvYZMAbEc;0ΌO\nݎqXkK3RC&05qɪrB71&-w՞gR^>PMW3ÆL\nz8SOJ:*1,oga&E\n-B^U=\\	Sȟ4R!tҽH\nSmdT\';2t\0?~\0]\"]:[_ZJ\rƸ~I\0W\n^Ҏߒ\'JS`獺Rytaה>iVܼrX֚&\'װ\"L?[m6`!SBJC|7\\J{j4[^^nXWx0o\0EF1?%\0dft-/5ZY\\8~xծ{-\\EK5pUEF.¢N\"6DU4.}Zs\0q`i*nIMDWO.4ڋ*QZhC4a64`J@@KpB\n-*\nҟ<\\)duMV:ϳ\"l*U){cb%O\Z0W\\rIJh`UN]*JILWtÕP\\{J^\\h,vf+/¦RÕRv6񋼾$K\0phOR=aKX906`\">\\!\\IC8lWtȢ\rZ0ޱ1Q&&mWW\\5VFsN\"vWeN8J\0W3qKzcy&\ZU=w~*a9쾛[W\\`JSA<VlUP7h\\6ܸ#A9O?N}Vs,l~=\\?zsL\0Xug{*(h-&E\\\0{v(DF{\0f\\%t\Zs,XY5\0pͽrW&GZ2a~e!s7y3\rq6,*(\\r^\0ƼB.\\qN}LXp+,aT><7hW˥dW䳧ooy?dGwJX8fL/	0f\'DsE1\rLUL4`p8W%pŝ4&oEo\\0 V\nzBr[fUl(M$il>3\\BeNpPE+>O\"*\'=\\3<\\)\\.mZ&p5\\ݺt=(	\\yU0I䨳[BfxF#\'yM B#`j,l=6b\n<6)\\ad	fBW\\ߕǫr!+UE\n=\\bUAc&Ƅ20tU\\qWF#7[P5ol;.3J!\ZHqeUa;먻<\\\rk3m=\\wIK\ZxXR?ve\nÒgiR=׶W_]zqoJ}͂[=yz}JC1@ع~:w򻨪xݟ_l,-+f.\ZvvsWRo-<7PT\n{=ȍDnL\0þ\\Oتʄk!A+js4uK4d\\̂FB1?z\\i\\l*Rɡ*\Zt*_S4olhQMAmpep\'7d+o*zi8-?	^aTt@WVEB5<&IM+񛟫.~[G~u圲ׅ&K÷J_5ͳc[/o_3R=?X\0P\\f}	5KJ\"9blpI3$6NSjYQ_G7OjZ䉀KCafaϒ%4˼9w/*i~-KN5YPIڹ<=K/Rl-B24Lw4o6tk׫g\rbBk\nׇ!wόfǦ}PE)2\rşDڕ|.,.}Rޘw_ݏސ[jGs~jsfH6O뱛jJUead\'W,J{T}s&B%GV\rj<{`-y7Fu=un#tލV_ჿ%\\hqޞ[$%=M?D56kĚpFOukFVE+l]d2e%/3,*|q{L03YTgf^Ұ\nkG`MY^Ea~)Y\ZC>)/ѭrCFOQ;Ԯ~A)8\'4QOk:\\ǌ25$ߍp[|Y9hRM6hR\\,B\'Uoޤ~w8u#ռ1cz	\\}R\'u9XK5{V;wlS诏Hd5_7]UЩ#{o%?VJ̝ۿϜNSun!gBgxQ3{60w]@f&)eR|f^\\DWp9kzfrYLh߮upxmw*0_	m*\0`具=jGM;uꄎ?)/<S&x>0hu+Ъ9I^\nZ3_zsN{g3N9D&\ZFn^tN0ތmH \"p\n\"8K-[Qح[Pª%ZR%\'nŦS~1:2_::dwuQ|z~2p\0`߶w<ugZzQ.={LzN_8\'c^Eg[WjHw\rA48Za.a&N؁`޿:1?UG]XZx3l/\0U~۫&ܷ7d3\'\rx3)9;ż%U\Z:\\D>?.VS%!x.v=*1]zJ6C\r;bq|L_Nc.8\0k/mkr,qPSa/vZk/?iԕ睪{kS#w>3T^uY3Yo^sNc^\\6b=eX[,43Q)G\Z׭MPb\n饱E3ͅ7=?,;fv\rA_sM\Z4AׂKQh2_;uYg<\'yGBأFt$$fJ=~~hTvY\'~\\4B1[^S./9V3~9{\05uh.1KrIǪJqbfp}&gJ8{R?5igU/xU/p\Zڧ>yDi֔7a3p%O28rQw&lˬ+LK㋿Wj띷Ps/@tY??.`3X5c\\ݷ.o|_Wi,`ZMyyK~ٝ+j,3l/0ds%.\"gd=|`08	S9NմA\r\\O$[>~n\rA+쓏;mKW\'].qڊ^VfϮU-$ۖD>76O܃aåG\nIG$\Z7}\Z0}.!Er_r7nJt\'nUgIGbmj捡x]R|/S\\Uk5O*/ݯz梶0ȻDf&(\'>}Gz9\',aja<p{g㻇=9@6`,\\>|8Eax\\_Z?ZPfns.KΙA\r2\\194D6ɺLU$B$p| eKKJ_{@_sQ+K`w*\r$mVj9rЭiÇF>㌗enXS%m\n	nm~@\",<\\ha\Z~7\0Ju^L$Tj!6;~]dVjHB	.CMVp+Il2-1	];|î֯ekZIİkZ}׽/>Pp%`~9nK_uEIXVzbVPrzO3uIc+a}aCZ\r<0{J.uh(`n<\\<z*i(([Z\rkC=4k1ZW5\\IǞ`\\l0-ut0\re$-B#\'Ep^6sP$ХKVlɓI;j\r3vf+ꖓEc2g2RH]bV:\\z8]rTO\"aa.5O#-\\zq\"W.V~4ԭ}dpdye\ZY{\'r15:\\I\"TqA冘m^KXBåZAX |èKǳ1/\nWN~+f<.3tҺ/VǓJ#2Xi\Z\'&ps}\0Fp=IyEtZ6Hj<eԻSas^(4\"N^&_2cJ\Z:\\D\r%(p%	fHEKP^cnHK>P^,wa\ZoT38å\\,y)w*\\j:$.شaJ̐[(OթͼUym\'\\&lԝF\ZYzNK*I 7\n\\䷤`	\ZP@$5\\1	ɣq;s18@\'Cם1	BJӾ76D\"H@Td+[\rS2/NY,]9ZI$\r<pw-df~KC;_.>,\\6ALC\n;]U4pZA;pބKJ:Cs|W疣I\nx}<ֻK[-7l˯(c\\;vUnnqvyc(wUd2G$U#D&!Bb9.*ꂋ<&%Kpq|b!2\\d楧ܛLBp;\\K&m\rf-ڟPzܨRI\'.ڼ1E_MpUR`*8[c0)\\J&\\a`>SDm|\Z5~?kQ>K\"V9\'s+ϑ.OKofvb:,tZV梏kDSczmY:Yc.Mg1צpU	.v1s\'Lt?\ru[p,\\354@uVauvzD<P39j$J.f73\'pӍWgٓ#~ VݦK20)toIyHVo;O%c.ܷ[s\0kd5Vk߿|&<I#2>y<_((kA4@Dz)ȝ^EwE]bf9=$oQ\nByoTN*reaUa\'2	mG d.êmbN~W^y?>0fh@G	PW.L7	o.Y\r09$]U߲%1LW+o\n	?5Mt--;$q,ݛ\\[L\Z.M(ȑ\04,F(D-C\\-OX*z~&y7]H7 !7$yFȢːib暹5;o\Z41;oLxI\'7IK?Ґ`μ$]Ӻ){	+k`#}qwLB=U$Sed˽iS\npT\'	l4,[+y\rp6$o\ZoabJF\rd4\\z^WuB*uz9|)TsK\\=T6HReĥPW*2p9]dPk@4K|ȉj	iBw|GBze0͠.\rZ\ZFB3MdJr\0 t>^-şQ>b^\".~ot4p.ݴWC\0WqfZMW\Zˡ$Z+\'x2^N:6iL)M<=\\5֐Td~B䵊pTUaӯEH֒<wpeѥb(W-WqkI%_U?\\A,ʥߞ&7\'0xܵqy-il`SeIq֣3/!Ŋ/o蠇+m[\\r^Ml\0\rюz^6ᲄ\rEhVZﶊthpf܈:RpUX&z_Y7,EnWճaXI݃́X\0G3;)\\=o\ZHfeyRS\'a(<VOp{ afdBpyJbdXh\0el<\\pnAaU\Z0X63r;ŗK?>!f&0[0<:\\#]o;jV435̃QAMsf/wo<`ܳkۿW:wbdSpE All}ѿzp6B/\0{b?mI\"z\0\'._UW_py~zU^?|b>	4!9Â2z\rSնq<dpy,W`Ť-@\nTҼ\',yay|\00a\\^~ѩP%\'?LVҨݏR|Axay|\0L_+nhmzaSV.`}gx?{i*Xd.hQK3Qjuڿ1G}o{f?ݱRM\n\0~䆪#ڊ^hOe/LñcF3/VK[jTm2uy眥N:qԩTWTzZZme\\L@9iԩS9ԓՌS^lpʍXjM*}}5HY2Ֆf2؜!q*}=CjܸqOVW]vm5ltS&6>6@WQ<iȐ!j̘1Nu]*:fSE+\0Lw&ȝ]Mk*4׻d2>JyEݻ=z\"s᪓fbc\"	իW\09;j|51`h~?#:vUJQ͛7[ac~\0M4	<Z>i1)4rH5yEl2?ukRA&$W]jށ,&fJ/ؐ[NM8QM2%.ݢ@&LN;45x`4H\"RD]1Yfj0?˽\0M\\nlh,YN=Tug8e\nk֒WuN$\n.d۶mZ/>Y{s=.|;TܳaW6cǎ\rmpfÌԵ\Zv@kSމ$p\\RUg7>TFPBeEPD|oﾩoܸ1\0+k\\@oziRz0J.2Dlo߾ݻi]>Bl1W,%v\"ERri{_z\\}ŧگ9sb4_Y̵D!1}	\0Yi-(GPI%ng\nɻh=-eg&Vz`$,*|rπ\r֐.`\\PYP)\\~aM\0cQ߼.EV6%rYg. =q͆^+>f*d)l|VȤѪK|Z5}>҅|h#L!AP͵J7\rL_5}o@빷k\r.	A\nSe>\0F-<X5abB@&e6j7y/>ЎxBWؿ?ѣز\\\']$Z\rJg=@@1Ço39K1kR(෻lA]d^dmD.FRgyffZ=b-XȑuX$@18Q!pK$~\"Př\"z\rrK,6l*)\\ZCs%\0C,ݵ-ͮ- e0j*\' de;ReB[iuq%-֒eJh,{2pq\Z*Jd<\0\rEZ5:IN9唊}4,fQ#[-.s5 Fz\0uI*L1Uo\\>9Dgۗ7满ì\0S(:Æ\r.2ݿs	%Vw8k×8p`\0DK1 LݧO!\\eG;	[VdY7}Da渢,JYS.fX|.,&9*ZH%rbz|Y`	Ǜi\0߭eFD\0Pth<Y*\rևqDV\Z3Tp\"\\lUz@k18̶0i1`kC]$+?&-eeVsD$;jСCDm9(U_SF&KZi-[^Dց-&e&\\\\\n7Ȯ\0d**b.UR_]U\\aU\ZYMi\Z|V3$Vg\\9ݺuk;1iS(0ΝU1~Rqi޽WD+k&aTATHڍ 6KIM\0#a%;/;wV>Lm\nSS[nU/Rm\0+id0K\'\\G1.\'+>bF*Ku ѠJYUp\r2K^{-hmw,D-u%\\V9PֆTnĈ\nbq~]m͎nK*ZZXnW%AS24/:6\rDX(5yǏ|ZĦĒa.QYr.UJ$^-iCQGeಸz\r^cO8\0~ߗɤ.%>,}4|6=fl\'h`\0c\"غK?IƟqf`FZj\\y:|몽Zh(_K@&w޹jlmM^Eoj$\'L[[RX6fh\'25^*H*BcZw	8&y*3K\"a;\0,JTԡZfmѨ=T軮|@\Z$eLfZI4FoױD.-ФSk9餓ʮ<噢|/Dpq,:,bүQ=|US\\bKcTݻ\0H\\ZG&Y`i/{!(cf.\\c}= a<i.Ep-7jwcP%\"f~3m]9ZżB~7ɋ@}癔5f\"c\'f\"N^QpzءY\"A.9Rb+f$Pipb	#H86mrSO2|%(\nZ/,*)k2M*,F|?k9nm;>um4!!8]\"O+%U9!4zIHSB*=Ɛehԫ6ZcF]-Iغ7NȈ#r5LvΝ[FFߕȆ\r\"˟L\"\'7o^UVv{q8_\rj<u/foT`5a+Mfs#|QZ_E+ʲ0Ie;6h-	l3&̱Qi7_LT\0\0\0\0IENDB`');
/*!40000 ALTER TABLE `tbImagem` ENABLE KEYS */;
UNLOCK TABLES;

--
-- Table structure for table `tbLaboratorio`
--

DROP TABLE IF EXISTS `tbLaboratorio`;
/*!40101 SET @saved_cs_client     = @@character_set_client */;
/*!40101 SET character_set_client = utf8 */;
CREATE TABLE `tbLaboratorio` (
  `idLab` int(10) unsigned NOT NULL AUTO_INCREMENT,
  `nomeLab` varchar(45) NOT NULL,
  `capAluno` int(10) unsigned NOT NULL,
  `numComp` int(10) unsigned NOT NULL,
  `statusLab` enum('Ativo','Inativo') NOT NULL,
  `idCor` int(10) unsigned DEFAULT NULL,
  `subRede` varchar(25) NOT NULL,
  PRIMARY KEY (`idLab`),
  KEY `idCor` (`idCor`),
  CONSTRAINT `tbLaboratorio_ibfk_1` FOREIGN KEY (`idCor`) REFERENCES `tbCor` (`idCor`) ON UPDATE NO ACTION
) ENGINE=InnoDB AUTO_INCREMENT=9 DEFAULT CHARSET=latin1;
/*!40101 SET character_set_client = @saved_cs_client */;

--
-- Dumping data for table `tbLaboratorio`
--

LOCK TABLES `tbLaboratorio` WRITE;
/*!40000 ALTER TABLE `tbLaboratorio` DISABLE KEYS */;
INSERT INTO `tbLaboratorio` VALUES (1,'Laboratório de Graduação 01',60,30,'Inativo',1,'10.27.11.0'),(2,'Laboratório de Graduação 02',30,12,'Ativo',2,'10.27.12.0'),(3,'Laboratório de Graduação 03',15,8,'Ativo',3,'10.27.13.0'),(4,'Laboratório de Graduação 04',40,20,'Ativo',4,'10.27.14.0'),(5,'Laboratório de Graduação 05',24,12,'Ativo',5,'10.27.15.0'),(6,'Laboratório de Graduação 06',6,6,'Ativo',6,'10.27.16.0'),(7,'Laboratório de Hardware 01',21,7,'Ativo',7,'10.27.22.0'),(8,'Laboratório Geral de Estudos',34,17,'Ativo',8,'10.27.21.0');
/*!40000 ALTER TABLE `tbLaboratorio` ENABLE KEYS */;
UNLOCK TABLES;

--
-- Table structure for table `tbMatricula`
--

DROP TABLE IF EXISTS `tbMatricula`;
/*!40101 SET @saved_cs_client     = @@character_set_client */;
/*!40101 SET character_set_client = utf8 */;
CREATE TABLE `tbMatricula` (
  `idUser` int(10) unsigned NOT NULL,
  `matricula` varchar(12) NOT NULL,
  PRIMARY KEY (`idUser`),
  CONSTRAINT `tbMatricula_ibfk_1` FOREIGN KEY (`idUser`) REFERENCES `tbUsuario` (`idUser`) ON DELETE CASCADE ON UPDATE NO ACTION
) ENGINE=InnoDB DEFAULT CHARSET=utf8;
/*!40101 SET character_set_client = @saved_cs_client */;

--
-- Dumping data for table `tbMatricula`
--

LOCK TABLES `tbMatricula` WRITE;
/*!40000 ALTER TABLE `tbMatricula` DISABLE KEYS */;
INSERT INTO `tbMatricula` VALUES (1,'201310009998'),(11,'343243435443'),(12,'201320001598'),(13,'201320001598');
/*!40000 ALTER TABLE `tbMatricula` ENABLE KEYS */;
UNLOCK TABLES;

--
-- Table structure for table `tbNotiConexao`
--

DROP TABLE IF EXISTS `tbNotiConexao`;
/*!40101 SET @saved_cs_client     = @@character_set_client */;
/*!40101 SET character_set_client = utf8 */;
CREATE TABLE `tbNotiConexao` (
  `idUser` int(10) unsigned NOT NULL,
  `idNoti` int(10) unsigned NOT NULL,
  PRIMARY KEY (`idUser`,`idNoti`),
  KEY `idNoti` (`idNoti`),
  CONSTRAINT `tbNotiConexao_ibfk_1` FOREIGN KEY (`idUser`) REFERENCES `tbUsuario` (`idUser`) ON DELETE CASCADE ON UPDATE NO ACTION,
  CONSTRAINT `tbNotiConexao_ibfk_2` FOREIGN KEY (`idNoti`) REFERENCES `tbNotificacao` (`idNoti`) ON DELETE CASCADE ON UPDATE NO ACTION
) ENGINE=InnoDB DEFAULT CHARSET=latin1;
/*!40101 SET character_set_client = @saved_cs_client */;

--
-- Dumping data for table `tbNotiConexao`
--

LOCK TABLES `tbNotiConexao` WRITE;
/*!40000 ALTER TABLE `tbNotiConexao` DISABLE KEYS */;
INSERT INTO `tbNotiConexao` VALUES (9,20),(10,20);
/*!40000 ALTER TABLE `tbNotiConexao` ENABLE KEYS */;
UNLOCK TABLES;

--
-- Table structure for table `tbNotificacao`
--

DROP TABLE IF EXISTS `tbNotificacao`;
/*!40101 SET @saved_cs_client     = @@character_set_client */;
/*!40101 SET character_set_client = utf8 */;
CREATE TABLE `tbNotificacao` (
  `idNoti` int(10) unsigned NOT NULL AUTO_INCREMENT,
  `notificacao` text NOT NULL,
  `statusNoti` tinyint(1) NOT NULL,
  `expiraData` date DEFAULT NULL,
  PRIMARY KEY (`idNoti`)
) ENGINE=InnoDB AUTO_INCREMENT=21 DEFAULT CHARSET=latin1;
/*!40101 SET character_set_client = @saved_cs_client */;

--
-- Dumping data for table `tbNotificacao`
--

LOCK TABLES `tbNotificacao` WRITE;
/*!40000 ALTER TABLE `tbNotificacao` DISABLE KEYS */;
INSERT INTO `tbNotificacao` VALUES (3,'<li>\r\n                      <a href=\"noti.php?id=0&ir=/salas/minhas\" style=\"background-color: #EFEEEE\">\r\n                        <i class=\"fa fa-pencil-square-o text-red\"></i> Sua reserva foi Negada\r\n                      </a>\r\n                    </li>',0,NULL),(4,'<li>\r\n                      <a href=\"noti.php?id=4&ir=/salas/minhas\" style=\"background-color: #EFEEEE\">\r\n                        <i class=\"fa fa-pencil-square-o text-red\"></i> Sua reserva foi Negada\r\n                      </a>\r\n                    </li>',0,NULL),(5,'<li>\r\n                      <a href=\"noti.php?id=&ir=/salas/minhas\" style=\"background-color: #EFEEEE\">\r\n                        <i class=\"fa fa-pencil-square-o text-red\"></i> Sua reserva foi \r\n                      </a>\r\n                    </li>',0,NULL),(6,'<li>\r\n                      <a href=\"noti.php?id=&ir=/salas/minhas\" style=\"background-color: #EFEEEE\">\r\n                        <i class=\"fa fa-pencil-square-o text-red\"></i> Sua reserva foi \r\n                      </a>\r\n                    </li>',0,NULL),(7,'<li>\r\n                      <a href=\"noti.php?id=&ir=/salas/minhas\" style=\"background-color: #EFEEEE\">\r\n                        <i class=\"fa fa-pencil-square-o text-red\"></i> Sua reserva foi \r\n                      </a>\r\n                    </li>',0,NULL),(8,'<li>\r\n                      <a href=\"noti.php?id=8&ir=/salas/minhas\" style=\"background-color: #EFEEEE\">\r\n                        <i class=\"fa fa-pencil-square-o text-red\"></i> Sua reserva foi Negada\r\n                      </a>\r\n                    </li>',0,NULL),(9,'<li>\r\n                      <a href=\"noti.php?id=9&ir=/salas/minhas\" style=\"background-color: #EFEEEE\">\r\n                        <i class=\"fa fa-pencil-square-o text-red\"></i> Sua reserva foi Negada\r\n                      </a>\r\n                    </li>',0,NULL),(10,'<li>\r\n                      <a href=\"noti.php?id=10&ir=/salas/minhas\" style=\"background-color: #EFEEEE\">\r\n                        <i class=\"fa fa-pencil-square-o text-red\"></i> Sua reserva foi Negada\r\n                      </a>\r\n                    </li>',0,NULL),(11,'<li>\r\n                      <a href=\"noti.php?id=11&ir=/salas/minhas\" style=\"background-color: #EFEEEE\">\r\n                        <i class=\"fa fa-pencil-square-o text-red\"></i> Sua reserva foi Negada\r\n                      </a>\r\n                    </li>',0,NULL),(12,'<li>\r\n                      <a href=\"noti.php?id=12&ir=/salas/minhas\" style=\"background-color: #EFEEEE\">\r\n                        <i class=\"fa fa-pencil-square-o text-red\"></i> Sua reserva foi Negada\r\n                      </a>\r\n                    </li>',0,NULL),(13,'<li>\r\n                      <a href=\"noti.php?id=13&ir=/salas/minhas\" style=\"background-color: #EFEEEE\">\r\n                        <i class=\"fa fa-pencil-square-o text-red\"></i> Sua reserva foi Negada\r\n                      </a>\r\n                    </li>',0,NULL),(14,'<li>\r\n                      <a href=\"noti.php?id=14&ir=/salas/minhas\" style=\"background-color: #EFEEEE\">\r\n                        <i class=\"fa fa-pencil-square-o text-red\"></i> Sua reserva foi Negada\r\n                      </a>\r\n                    </li>',0,NULL),(15,'<li>\r\n                      <a href=\"noti.php?id=15&ir=/salas/minhas\" style=\"background-color: #EFEEEE\">\r\n                        <i class=\"fa fa-pencil-square-o text-red\"></i> Sua reserva foi Negada\r\n                      </a>\r\n                    </li>',0,NULL),(16,'<li>\r\n                      <a href=\"noti.php?id=16&ir=/salas/minhas\" style=\"background-color: #EFEEEE\">\r\n                        <i class=\"fa fa-pencil-square-o text-red\"></i> Sua reserva foi Negada\r\n                      </a>\r\n                    </li>',0,NULL),(17,'<li>\r\n                      <a href=\"noti.php?id=17&ir=/salas/minhas\" style=\"background-color: #EFEEEE\">\r\n                        <i class=\"fa fa-pencil-square-o text-red\"></i> Sua reserva foi Negada\r\n                      </a>\r\n                    </li>',0,NULL),(18,'<li>\r\n                      <a href=\"noti.php?id=18&ir=/salas/minhas\" style=\"background-color: #EFEEEE\">\r\n                        <i class=\"fa fa-pencil-square-o text-red\"></i> Sua reserva foi Negada\r\n                      </a>\r\n                    </li>',0,NULL),(19,'<li>\r\n                      <a href=\"noti.php?id=19&ir=/salas/minhas\" style=\"background-color: #EFEEEE\">\r\n                        <i class=\"fa fa-pencil-square-o text-red\"></i> Sua reserva foi Negada\r\n                      </a>\r\n                    </li>',0,NULL),(20,'<li>\r\n                      <a href=\"noti.php?id=20&ir=/perfil/2/\" style=\"background-color: #EFEEEE\">\r\n                        <i class=\"fa fa-retweet text-aqua\"></i> Usuário requisitou a troca de sua senha\r\n                      </a>\r\n                    </li>',1,'2016-02-22');
/*!40000 ALTER TABLE `tbNotificacao` ENABLE KEYS */;
UNLOCK TABLES;

--
-- Table structure for table `tbOnline`
--

DROP TABLE IF EXISTS `tbOnline`;
/*!40101 SET @saved_cs_client     = @@character_set_client */;
/*!40101 SET character_set_client = utf8 */;
CREATE TABLE `tbOnline` (
  `idUser` int(10) unsigned NOT NULL,
  `tempoExpirar` datetime NOT NULL,
  `sessao` varchar(30) NOT NULL,
  `senha` varchar(50) DEFAULT NULL,
  PRIMARY KEY (`idUser`),
  CONSTRAINT `tbOnline_ibfk_1` FOREIGN KEY (`idUser`) REFERENCES `tbUsuario` (`idUser`) ON UPDATE NO ACTION
) ENGINE=InnoDB DEFAULT CHARSET=latin1;
/*!40101 SET character_set_client = @saved_cs_client */;

--
-- Dumping data for table `tbOnline`
--

LOCK TABLES `tbOnline` WRITE;
/*!40000 ALTER TABLE `tbOnline` DISABLE KEYS */;
INSERT INTO `tbOnline` VALUES (1,'2015-12-10 15:19:00','9j6rvkkmd358hj9atc641khn82',NULL),(2,'2015-11-17 18:36:13','n8cf99al8nth6k58oojdj7j2t5',NULL),(3,'2015-12-14 16:52:32','7hj012h6hloqvscp66g60s4jv2',NULL),(9,'2015-11-17 18:09:59','3glc456ei4n72etcjh4uatl7d1',NULL),(10,'2016-06-08 17:42:54','8ce2g5m4l42hp0ra6f4aajhg35',NULL);
/*!40000 ALTER TABLE `tbOnline` ENABLE KEYS */;
UNLOCK TABLES;

--
-- Table structure for table `tbPrimeiroAcesso`
--

DROP TABLE IF EXISTS `tbPrimeiroAcesso`;
/*!40101 SET @saved_cs_client     = @@character_set_client */;
/*!40101 SET character_set_client = utf8 */;
CREATE TABLE `tbPrimeiroAcesso` (
  `idUser` int(10) unsigned NOT NULL,
  PRIMARY KEY (`idUser`),
  CONSTRAINT `tbPrimeiroAcesso_ibfk_1` FOREIGN KEY (`idUser`) REFERENCES `tbUsuario` (`idUser`) ON DELETE CASCADE ON UPDATE NO ACTION
) ENGINE=InnoDB DEFAULT CHARSET=latin1;
/*!40101 SET character_set_client = @saved_cs_client */;

--
-- Dumping data for table `tbPrimeiroAcesso`
--

LOCK TABLES `tbPrimeiroAcesso` WRITE;
/*!40000 ALTER TABLE `tbPrimeiroAcesso` DISABLE KEYS */;
/*!40000 ALTER TABLE `tbPrimeiroAcesso` ENABLE KEYS */;
UNLOCK TABLES;

--
-- Table structure for table `tbRequerimentos`
--

DROP TABLE IF EXISTS `tbRequerimentos`;
/*!40101 SET @saved_cs_client     = @@character_set_client */;
/*!40101 SET character_set_client = utf8 */;
CREATE TABLE `tbRequerimentos` (
  `idReq` int(11) NOT NULL AUTO_INCREMENT,
  `idUser` int(10) unsigned NOT NULL,
  `dataReq` date NOT NULL,
  `conteudoReq` text CHARACTER SET latin1 NOT NULL,
  `tipoReq` int(11) NOT NULL,
  `statusReq` enum('Pendente','Negado','Aprovado') CHARACTER SET latin1 NOT NULL DEFAULT 'Pendente',
  `justificativaReq` text CHARACTER SET latin1 NOT NULL,
  PRIMARY KEY (`idReq`),
  KEY `idUser` (`idUser`),
  CONSTRAINT `tbRequerimentos_ibfk_1` FOREIGN KEY (`idUser`) REFERENCES `tbUsuario` (`idUser`) ON DELETE CASCADE ON UPDATE NO ACTION
) ENGINE=InnoDB AUTO_INCREMENT=2 DEFAULT CHARSET=utf8mb4;
/*!40101 SET character_set_client = @saved_cs_client */;

--
-- Dumping data for table `tbRequerimentos`
--

LOCK TABLES `tbRequerimentos` WRITE;
/*!40000 ALTER TABLE `tbRequerimentos` DISABLE KEYS */;
INSERT INTO `tbRequerimentos` VALUES (1,1,'2015-08-27','teste/+12/mm/yyyy/+10/mm/yyyy',1,'Negado','hgfhgfnbjmhbnvb');
/*!40000 ALTER TABLE `tbRequerimentos` ENABLE KEYS */;
UNLOCK TABLES;

--
-- Table structure for table `tbReservaEq`
--

DROP TABLE IF EXISTS `tbReservaEq`;
/*!40101 SET @saved_cs_client     = @@character_set_client */;
/*!40101 SET character_set_client = utf8 */;
CREATE TABLE `tbReservaEq` (
  `idReEq` int(10) unsigned NOT NULL AUTO_INCREMENT,
  `idUser` int(10) unsigned NOT NULL,
  `motivoReEq` varchar(255) NOT NULL,
  `tituloReEq` varchar(255) NOT NULL,
  `expiraReEq` date NOT NULL,
  PRIMARY KEY (`idReEq`),
  KEY `idReEq` (`idReEq`),
  KEY `idReserva` (`idUser`),
  CONSTRAINT `tbReservaEq_ibfk_3` FOREIGN KEY (`idUser`) REFERENCES `tbUsuario` (`idUser`) ON DELETE CASCADE ON UPDATE NO ACTION
) ENGINE=InnoDB AUTO_INCREMENT=46 DEFAULT CHARSET=latin1;
/*!40101 SET character_set_client = @saved_cs_client */;

--
-- Dumping data for table `tbReservaEq`
--

LOCK TABLES `tbReservaEq` WRITE;
/*!40000 ALTER TABLE `tbReservaEq` DISABLE KEYS */;
INSERT INTO `tbReservaEq` VALUES (1,3,'vnmbcxvhgcxb','gnbxxbncn','2016-03-07'),(2,3,',mb,bnmnvmbjncb','jhfjbvnbvn','2016-03-07'),(3,3,'gshhdvbxc','gnbcvbxvcn','2016-03-07'),(4,3,'kfnlkgdnglsnf','tefkdg','2016-03-08'),(5,3,'dsfsgdfas','sgfgsfgfdfasd','2016-03-22'),(7,1,'fgfdvhgsbnvbmfgd,kdbg nvcgdvfdbnv nvfdhfgbnhtn','tgrsfhfsdvncvbbf','2016-04-04'),(8,3,'fvbbxczvnbxzvb','gfsdavcxfvcb','2016-04-04'),(9,3,'fvbbxczvnbxzvb','gfsdavcxfvcb','2016-04-04'),(10,3,'ngdsngdnvdscb','gfshzbvc','2016-04-04'),(11,3,'cvznxcvnvcxbvc','ngvbc ncn','2016-04-04'),(12,3,'cvznxcvnvcxbvc','ngvbc ncn','2016-04-04'),(13,3,'cvznxcvnvcxbvc','ngvbc ncn','2016-04-04'),(14,3,'cvznxcvnvcxbvc','ngvbc ncn','2016-04-04'),(15,3,'cvznxcvnvcxbvc','ngvbc ncn','2016-04-04'),(16,3,'cvznxcvnvcxbvc','ngvbc ncn','2016-04-04'),(18,10,'bacsbdvbxvbs','thfsdhfddvbc','2016-04-18'),(19,3,'vdbfvw','teste','2016-04-18'),(20,3,'dfojbgkjas.dnggdag','t01','2016-04-20'),(21,3,'fgofegjlsdfhgskfhgggafg','t02','2016-04-20'),(22,3,'fgfsgfsgsfgdf','teste 1','2016-04-23'),(23,3,'gfdgsfdgf','teste 2f','2016-04-23'),(24,3,'gfsgfdgdf','teste 3','2016-04-23'),(25,3,'gfdsgfds','teste 4','2016-04-23'),(26,3,'fdsgdfgfd','teste 4','2016-04-23'),(27,3,'sfgfgsd','teste 5','2016-04-23'),(28,3,'sfagfsagfagag','teste 6','2016-04-23'),(29,3,'emrekjhgdklmhbgf','teste 7','2016-04-23'),(30,3,'rfhsgdhghdgh','TESTE 08','2016-04-23'),(31,3,'dskjkgbsdkjgnjsdg','teste 09','2016-04-23'),(32,3,'djbgkjfsdhgkfsngdfgg','teste 10','2016-04-23'),(33,3,'gsdgfdg','tyhtehyfdg','2016-04-25'),(34,3,'gsdgfdg','tyhtehyfdg','2016-04-25'),(35,3,'gsdgfdg','tyhtehyfdg','2016-04-25'),(36,3,'ghfghgdhfdvbd','teste 03','2016-04-25'),(37,3,'ndkmgnfdkjsgnfg','teste 04','2016-04-25'),(38,2,'çjdabgsdkjfgfs','thdkjvzm','2016-05-15'),(39,3,'fknzvdbvvcx','teste 02','2016-05-22'),(40,3,'wrthyrehbfd','teste 03','2016-05-22'),(41,3,'dfgsgfsdd','teste fgndkf','2016-06-07'),(42,3,'gdsgfdgdsfgds','rwtregfg','2016-06-07'),(43,3,'fdfasdfdsfas','teste 01','2016-06-07'),(45,3,'fdsjgnkflsng','teste 03','2016-06-07');
/*!40000 ALTER TABLE `tbReservaEq` ENABLE KEYS */;
UNLOCK TABLES;
/*!50003 SET @saved_cs_client      = @@character_set_client */ ;
/*!50003 SET @saved_cs_results     = @@character_set_results */ ;
/*!50003 SET @saved_col_connection = @@collation_connection */ ;
/*!50003 SET character_set_client  = utf8 */ ;
/*!50003 SET character_set_results = utf8 */ ;
/*!50003 SET collation_connection  = utf8_general_ci */ ;
/*!50003 SET @saved_sql_mode       = @@sql_mode */ ;
/*!50003 SET sql_mode              = 'NO_AUTO_VALUE_ON_ZERO' */ ;
DELIMITER ;;
/*!50003 CREATE*/ /*!50017 DEFINER=`root`@`localhost`*/ /*!50003 TRIGGER `ExpiraReEq` BEFORE INSERT ON `tbReservaEq`
 FOR EACH ROW set new.expiraReEq = date_add(current_date(), interval 180 day) */;;
DELIMITER ;
/*!50003 SET sql_mode              = @saved_sql_mode */ ;
/*!50003 SET character_set_client  = @saved_cs_client */ ;
/*!50003 SET character_set_results = @saved_cs_results */ ;
/*!50003 SET collation_connection  = @saved_col_connection */ ;

--
-- Table structure for table `tbReservaLab`
--

DROP TABLE IF EXISTS `tbReservaLab`;
/*!40101 SET @saved_cs_client     = @@character_set_client */;
/*!40101 SET character_set_client = utf8 */;
CREATE TABLE `tbReservaLab` (
  `idReLab` int(10) unsigned NOT NULL AUTO_INCREMENT,
  `idUser` int(10) unsigned NOT NULL,
  `motivoReLab` varchar(255) NOT NULL,
  `tituloReLab` varchar(255) NOT NULL,
  `tipoReLab` enum('Privado','Compartilhado') NOT NULL,
  `numPc` int(10) unsigned DEFAULT NULL,
  `expiraReLab` date DEFAULT NULL,
  PRIMARY KEY (`idReLab`),
  KEY `idUser` (`idUser`),
  CONSTRAINT `tbReservaLab_ibfk_1` FOREIGN KEY (`idUser`) REFERENCES `tbUsuario` (`idUser`) ON DELETE CASCADE ON UPDATE NO ACTION
) ENGINE=InnoDB AUTO_INCREMENT=44 DEFAULT CHARSET=latin1;
/*!40101 SET character_set_client = @saved_cs_client */;

--
-- Dumping data for table `tbReservaLab`
--

LOCK TABLES `tbReservaLab` WRITE;
/*!40000 ALTER TABLE `tbReservaLab` DISABLE KEYS */;
INSERT INTO `tbReservaLab` VALUES (1,3,'gdsgdsfd','teste','Privado',0,'2016-03-06'),(2,3,'fdzbvxzbxcvzx','cdvsvgdsfbfgdfshv','Privado',0,'2016-03-07'),(3,3,'gfghmvhjvhb','khghjvbvee','Privado',0,'2016-03-07'),(6,3,'bvxcbcvbvcx','bhvxbvzbv','Privado',0,'2016-04-11'),(11,3,'gfhngfnbdv','teste 02','Privado',0,'2016-04-24'),(12,3,'fhdshggngnf','teste 03','Compartilhado',1,'2016-04-24'),(13,3,'wkfnblsgdknhdf','teste 04','Compartilhado',1,'2016-04-24'),(14,3,'dwfasgdsgadsfg','teste 05','Compartilhado',2,'2016-04-24'),(15,3,'Ndlkfgnfdsglknfdgda','dfgstgsgmK','Privado',0,'2016-04-24'),(16,3,'dfhdfgdgsh','teste 01','Privado',0,'2016-04-25'),(17,3,'dkngaflsngdskng','testeX 01','Privado',0,'2016-05-01'),(18,2,'vbxvcbvcxb','gdfvsdbvc','Privado',0,'2016-05-15'),(19,3,'fdfdsafd','teste chang','Privado',0,'2016-06-07'),(20,3,'dfsdafdsfasdf','teste 01','Privado',0,'2016-06-07'),(21,3,'dfsdafdsfasdf','teste 01','Privado',0,'2016-06-07'),(22,3,'dfsdafdsfasdf','teste 01','Privado',0,'2016-06-07'),(23,3,'dfsdafdsfasdf','teste 02','Privado',0,'2016-06-07'),(24,3,'dfsdfdsfad','teste 03','Privado',0,'2016-06-07'),(25,3,'dgisafnbkcs,v','teknfdsvn','Privado',0,'2016-06-07'),(26,3,'dgisafnbkcs,v','teknfdsvn','Privado',0,'2016-06-07'),(28,3,'dgisafnbkcs,v','teknfdsvn','Privado',0,'2016-06-07'),(29,3,'fjbgmndgisafnbkcs,v','teste 05','Privado',0,'2016-06-07'),(30,3,'dwjobgjfjgdsgvsdfgc','testeX 02','Privado',0,'2016-06-08'),(31,3,'feooghflkdngd','testex 02','Privado',0,'2016-06-11'),(39,3,'fgjafdkbndkbsgdb','testex 03','Privado',0,'2016-06-11'),(40,3,'fgjafdkbndkbsgdb','testex 03','Privado',0,'2016-06-11'),(41,3,'fgjafdkbndkbsgdb','testex 03','Privado',0,'2016-06-11'),(42,3,'fgjafdkbndkbsgdb','testex 03','Privado',0,'2016-06-11'),(43,3,'fgjafdkbndkbsgdb','testex 03','Privado',0,'2016-06-11');
/*!40000 ALTER TABLE `tbReservaLab` ENABLE KEYS */;
UNLOCK TABLES;
/*!50003 SET @saved_cs_client      = @@character_set_client */ ;
/*!50003 SET @saved_cs_results     = @@character_set_results */ ;
/*!50003 SET @saved_col_connection = @@collation_connection */ ;
/*!50003 SET character_set_client  = utf8 */ ;
/*!50003 SET character_set_results = utf8 */ ;
/*!50003 SET collation_connection  = utf8_general_ci */ ;
/*!50003 SET @saved_sql_mode       = @@sql_mode */ ;
/*!50003 SET sql_mode              = 'NO_AUTO_VALUE_ON_ZERO' */ ;
DELIMITER ;;
/*!50003 CREATE*/ /*!50017 DEFINER=`root`@`localhost`*/ /*!50003 TRIGGER `ExpiraReLab` BEFORE INSERT ON `tbReservaLab`
 FOR EACH ROW set new.expiraReLab = date_add(current_date(), interval 180 day) */;;
DELIMITER ;
/*!50003 SET sql_mode              = @saved_sql_mode */ ;
/*!50003 SET character_set_client  = @saved_cs_client */ ;
/*!50003 SET character_set_results = @saved_cs_results */ ;
/*!50003 SET collation_connection  = @saved_col_connection */ ;

--
-- Table structure for table `tbReservaSala`
--

DROP TABLE IF EXISTS `tbReservaSala`;
/*!40101 SET @saved_cs_client     = @@character_set_client */;
/*!40101 SET character_set_client = utf8 */;
CREATE TABLE `tbReservaSala` (
  `idReSala` int(10) unsigned NOT NULL AUTO_INCREMENT,
  `idUser` int(10) unsigned NOT NULL,
  `idSala` int(10) unsigned NOT NULL,
  `motivoReSala` varchar(255) NOT NULL,
  `tituloReSala` varchar(255) NOT NULL,
  `expirarReSala` date NOT NULL,
  PRIMARY KEY (`idReSala`),
  KEY `idUser` (`idUser`),
  KEY `idSala` (`idSala`),
  CONSTRAINT `tbReservaSala_ibfk_1` FOREIGN KEY (`idUser`) REFERENCES `tbUsuario` (`idUser`) ON DELETE CASCADE ON UPDATE NO ACTION,
  CONSTRAINT `tbReservaSala_ibfk_2` FOREIGN KEY (`idSala`) REFERENCES `tbSala` (`idSala`) ON DELETE CASCADE ON UPDATE NO ACTION
) ENGINE=InnoDB AUTO_INCREMENT=6 DEFAULT CHARSET=latin1;
/*!40101 SET character_set_client = @saved_cs_client */;

--
-- Dumping data for table `tbReservaSala`
--

LOCK TABLES `tbReservaSala` WRITE;
/*!40000 ALTER TABLE `tbReservaSala` DISABLE KEYS */;
INSERT INTO `tbReservaSala` VALUES (1,10,4,'rgfdgfdgdsvb','teste dvvnskfn','2016-05-24'),(2,10,4,'rgfdgfdgdsvb','teste dvvnskfn','2016-05-24'),(3,10,4,'dpghfljkagdsg','teste 1','2016-06-08'),(4,3,4,'fdskgnkfdlgfgds','teste 3','2016-06-08'),(5,3,4,'dgnskflgnsf','teste 4','2016-06-08');
/*!40000 ALTER TABLE `tbReservaSala` ENABLE KEYS */;
UNLOCK TABLES;
/*!50003 SET @saved_cs_client      = @@character_set_client */ ;
/*!50003 SET @saved_cs_results     = @@character_set_results */ ;
/*!50003 SET @saved_col_connection = @@collation_connection */ ;
/*!50003 SET character_set_client  = utf8 */ ;
/*!50003 SET character_set_results = utf8 */ ;
/*!50003 SET collation_connection  = utf8_general_ci */ ;
/*!50003 SET @saved_sql_mode       = @@sql_mode */ ;
/*!50003 SET sql_mode              = 'NO_AUTO_VALUE_ON_ZERO' */ ;
DELIMITER ;;
/*!50003 CREATE*/ /*!50017 DEFINER=`root`@`localhost`*/ /*!50003 TRIGGER `ExpiraReSala` BEFORE INSERT ON `tbReservaSala`
 FOR EACH ROW set new.expirarReSala = date_add(current_date(), interval 180 day) */;;
DELIMITER ;
/*!50003 SET sql_mode              = @saved_sql_mode */ ;
/*!50003 SET character_set_client  = @saved_cs_client */ ;
/*!50003 SET character_set_results = @saved_cs_results */ ;
/*!50003 SET collation_connection  = @saved_col_connection */ ;

--
-- Table structure for table `tbReservaTipoEq`
--

DROP TABLE IF EXISTS `tbReservaTipoEq`;
/*!40101 SET @saved_cs_client     = @@character_set_client */;
/*!40101 SET character_set_client = utf8 */;
CREATE TABLE `tbReservaTipoEq` (
  `idTipoEq` int(10) unsigned NOT NULL,
  `idReEq` int(10) unsigned NOT NULL,
  `numReEq` int(10) unsigned NOT NULL,
  PRIMARY KEY (`idTipoEq`,`idReEq`),
  KEY `idReEq` (`idReEq`),
  CONSTRAINT `tbReservaTipoEq_ibfk_1` FOREIGN KEY (`idTipoEq`) REFERENCES `tbTipoEq` (`idTipoEq`) ON DELETE CASCADE ON UPDATE NO ACTION,
  CONSTRAINT `tbReservaTipoEq_ibfk_2` FOREIGN KEY (`idReEq`) REFERENCES `tbReservaEq` (`idReEq`) ON DELETE CASCADE ON UPDATE NO ACTION
) ENGINE=InnoDB DEFAULT CHARSET=latin1;
/*!40101 SET character_set_client = @saved_cs_client */;

--
-- Dumping data for table `tbReservaTipoEq`
--

LOCK TABLES `tbReservaTipoEq` WRITE;
/*!40000 ALTER TABLE `tbReservaTipoEq` DISABLE KEYS */;
INSERT INTO `tbReservaTipoEq` VALUES (2,3,1),(2,7,1),(2,9,1),(2,25,1),(2,33,1),(2,34,1),(2,35,1),(2,38,1),(2,42,1),(2,43,1),(3,18,1),(3,19,1),(3,20,1),(3,21,1),(3,22,1),(3,23,1),(3,24,1),(3,26,1),(3,27,2),(3,28,2),(3,29,1),(3,30,1),(3,31,1),(3,32,1),(3,37,1),(3,39,1),(3,40,1),(3,43,1),(3,45,1);
/*!40000 ALTER TABLE `tbReservaTipoEq` ENABLE KEYS */;
UNLOCK TABLES;

--
-- Table structure for table `tbSala`
--

DROP TABLE IF EXISTS `tbSala`;
/*!40101 SET @saved_cs_client     = @@character_set_client */;
/*!40101 SET character_set_client = utf8 */;
CREATE TABLE `tbSala` (
  `idSala` int(10) unsigned NOT NULL AUTO_INCREMENT,
  `nomeSala` varchar(50) NOT NULL,
  `numPessoa` int(10) unsigned NOT NULL,
  `statusSala` enum('Ativo','Inativo') NOT NULL,
  `idCor` int(10) unsigned NOT NULL,
  PRIMARY KEY (`idSala`),
  KEY `idSala` (`idSala`),
  KEY `idCor` (`idCor`),
  CONSTRAINT `tbSala_ibfk_1` FOREIGN KEY (`idCor`) REFERENCES `tbCor` (`idCor`) ON UPDATE NO ACTION
) ENGINE=InnoDB AUTO_INCREMENT=6 DEFAULT CHARSET=latin1;
/*!40101 SET character_set_client = @saved_cs_client */;

--
-- Dumping data for table `tbSala`
--

LOCK TABLES `tbSala` WRITE;
/*!40000 ALTER TABLE `tbSala` DISABLE KEYS */;
INSERT INTO `tbSala` VALUES (4,'teste 02',43,'Ativo',1),(5,'teste 03',32,'Ativo',2);
/*!40000 ALTER TABLE `tbSala` ENABLE KEYS */;
UNLOCK TABLES;

--
-- Table structure for table `tbTelefone`
--

DROP TABLE IF EXISTS `tbTelefone`;
/*!40101 SET @saved_cs_client     = @@character_set_client */;
/*!40101 SET character_set_client = utf8 */;
CREATE TABLE `tbTelefone` (
  `idTelefone` int(10) unsigned NOT NULL AUTO_INCREMENT,
  `idUser` int(10) unsigned NOT NULL,
  `numTelefone` varchar(13) NOT NULL,
  PRIMARY KEY (`idTelefone`),
  KEY `tbTelefone_FKIndex1` (`idUser`),
  CONSTRAINT `tbTelefone_ibfk_1` FOREIGN KEY (`idUser`) REFERENCES `tbUsuario` (`idUser`) ON DELETE CASCADE ON UPDATE NO ACTION
) ENGINE=InnoDB AUTO_INCREMENT=2 DEFAULT CHARSET=latin1;
/*!40101 SET character_set_client = @saved_cs_client */;

--
-- Dumping data for table `tbTelefone`
--

LOCK TABLES `tbTelefone` WRITE;
/*!40000 ALTER TABLE `tbTelefone` DISABLE KEYS */;
INSERT INTO `tbTelefone` VALUES (1,1,'(79)9988-7766');
/*!40000 ALTER TABLE `tbTelefone` ENABLE KEYS */;
UNLOCK TABLES;

--
-- Table structure for table `tbTempoRe`
--

DROP TABLE IF EXISTS `tbTempoRe`;
/*!40101 SET @saved_cs_client     = @@character_set_client */;
/*!40101 SET character_set_client = utf8 */;
CREATE TABLE `tbTempoRe` (
  `idReLab` int(10) unsigned NOT NULL,
  `dataInicio` date NOT NULL,
  `dataFim` date NOT NULL,
  `horaInicio` time NOT NULL,
  `horaFim` time NOT NULL,
  `semana` varchar(70) NOT NULL,
  PRIMARY KEY (`idReLab`),
  CONSTRAINT `tbTempoRe_ibfk_1` FOREIGN KEY (`idReLab`) REFERENCES `tbReservaLab` (`idReLab`) ON DELETE CASCADE ON UPDATE NO ACTION
) ENGINE=InnoDB DEFAULT CHARSET=latin1;
/*!40101 SET character_set_client = @saved_cs_client */;

--
-- Dumping data for table `tbTempoRe`
--

LOCK TABLES `tbTempoRe` WRITE;
/*!40000 ALTER TABLE `tbTempoRe` DISABLE KEYS */;
INSERT INTO `tbTempoRe` VALUES (17,'2015-11-03','2015-12-18','10:00:00','12:00:00','Seg,Qua,Sex');
/*!40000 ALTER TABLE `tbTempoRe` ENABLE KEYS */;
UNLOCK TABLES;

--
-- Table structure for table `tbTipoEq`
--

DROP TABLE IF EXISTS `tbTipoEq`;
/*!40101 SET @saved_cs_client     = @@character_set_client */;
/*!40101 SET character_set_client = utf8 */;
CREATE TABLE `tbTipoEq` (
  `idTipoEq` int(11) unsigned NOT NULL AUTO_INCREMENT,
  `tipoEq` varchar(15) NOT NULL,
  `numEq` smallint(6) NOT NULL,
  `idCor` int(10) unsigned DEFAULT NULL,
  PRIMARY KEY (`idTipoEq`),
  KEY `idCor` (`idCor`),
  CONSTRAINT `tbTipoEq_ibfk_1` FOREIGN KEY (`idCor`) REFERENCES `tbCor` (`idCor`) ON UPDATE NO ACTION
) ENGINE=InnoDB AUTO_INCREMENT=4 DEFAULT CHARSET=latin1;
/*!40101 SET character_set_client = @saved_cs_client */;

--
-- Dumping data for table `tbTipoEq`
--

LOCK TABLES `tbTipoEq` WRITE;
/*!40000 ALTER TABLE `tbTipoEq` DISABLE KEYS */;
INSERT INTO `tbTipoEq` VALUES (2,'Caixa de som',1,2),(3,'Projetor',2,1);
/*!40000 ALTER TABLE `tbTipoEq` ENABLE KEYS */;
UNLOCK TABLES;

--
-- Table structure for table `tbUsuario`
--

DROP TABLE IF EXISTS `tbUsuario`;
/*!40101 SET @saved_cs_client     = @@character_set_client */;
/*!40101 SET character_set_client = utf8 */;
CREATE TABLE `tbUsuario` (
  `idUser` int(10) unsigned NOT NULL AUTO_INCREMENT,
  `idAfiliacao` int(10) unsigned DEFAULT NULL,
  `login` varchar(20) NOT NULL,
  `cpf` varchar(100) NOT NULL,
  `senha` varchar(20) NOT NULL,
  `nomeUser` varchar(45) NOT NULL,
  `nivel` int(10) unsigned NOT NULL,
  `statusUser` enum('Ativo','Inativo','Bloqueado') NOT NULL DEFAULT 'Ativo',
  `email` varchar(50) DEFAULT NULL,
  PRIMARY KEY (`idUser`),
  KEY `idAfiliacao` (`idAfiliacao`),
  CONSTRAINT `tbUsuario_ibfk_1` FOREIGN KEY (`idAfiliacao`) REFERENCES `tbAfiliacao` (`idAfiliacao`) ON UPDATE NO ACTION
) ENGINE=InnoDB AUTO_INCREMENT=14 DEFAULT CHARSET=latin1;
/*!40101 SET character_set_client = @saved_cs_client */;

--
-- Dumping data for table `tbUsuario`
--

LOCK TABLES `tbUsuario` WRITE;
/*!40000 ALTER TABLE `tbUsuario` DISABLE KEYS */;
INSERT INTO `tbUsuario` VALUES (1,2,'aluno',')?ä5ØBJG£e	U¶ÇÛ','123','Aluno',4,'Inativo','abc@xyz.com'),(2,1,'professor','123','123','Professor',3,'Ativo','abc@xyz.com'),(3,5,'secretaria','','123','Secretaria',1,'Ativo','abc@abc.com'),(4,3,'aluno3','','LaLev-%b','Aluno 3',4,'Inativo','abc123@xyz.com'),(5,4,'aluno3','','w6jW81rP','Aluno 2',4,'Ativo','abc@xyz.com'),(6,5,'secretaria2','','123','Secretaria 2',1,'Ativo','abc@xyz.com'),(7,5,'secretaria3','','123','Secretaria 3',1,'Ativo','abc@xyz.com'),(8,1,'professor2','','123','Professor 2',3,'Ativo','abc@xyz.com'),(9,1,'professor3','','123','Professor 3',0,'Ativo','abc@xyz.com'),(10,6,'admin','123','123','Adminstrador',0,'Ativo','mgcaquino@gmail.com'),(11,2,'fgdb.gdhfdhgsd','–›xu*‚°‡@ÿjýŠ\Z','O@SD4FSU','fgdb gdhfdhgsd',4,'Ativo','ø(\Z\r§;¬?ŒŠ=©ó\\`®Ÿl:O-ÃF5„=ž'),(12,2,'teste.01','48478311360','ZdiA0!M1','teste 01',4,'Ativo','mgcaquino@gmail.com'),(13,7,'teste.02','13447447532','Q4%ub-!%','teste 02',4,'Ativo','mgcaquino@gmail.com');
/*!40000 ALTER TABLE `tbUsuario` ENABLE KEYS */;
UNLOCK TABLES;

--
-- Table structure for table `tblabpasswd`
--

DROP TABLE IF EXISTS `tblabpasswd`;
/*!40101 SET @saved_cs_client     = @@character_set_client */;
/*!40101 SET character_set_client = utf8 */;
CREATE TABLE `tblabpasswd` (
  `id` int(11) NOT NULL AUTO_INCREMENT,
  `passwd` varbinary(20) DEFAULT NULL,
  PRIMARY KEY (`id`)
) ENGINE=InnoDB AUTO_INCREMENT=2 DEFAULT CHARSET=utf8;
/*!40101 SET character_set_client = @saved_cs_client */;

--
-- Dumping data for table `tblabpasswd`
--

LOCK TABLES `tblabpasswd` WRITE;
/*!40000 ALTER TABLE `tblabpasswd` DISABLE KEYS */;
INSERT INTO `tblabpasswd` VALUES (1,'\0Eb	');
/*!40000 ALTER TABLE `tblabpasswd` ENABLE KEYS */;
UNLOCK TABLES;
/*!40103 SET TIME_ZONE=@OLD_TIME_ZONE */;

/*!40101 SET SQL_MODE=@OLD_SQL_MODE */;
/*!40014 SET FOREIGN_KEY_CHECKS=@OLD_FOREIGN_KEY_CHECKS */;
/*!40014 SET UNIQUE_CHECKS=@OLD_UNIQUE_CHECKS */;
/*!40101 SET CHARACTER_SET_CLIENT=@OLD_CHARACTER_SET_CLIENT */;
/*!40101 SET CHARACTER_SET_RESULTS=@OLD_CHARACTER_SET_RESULTS */;
/*!40101 SET COLLATION_CONNECTION=@OLD_COLLATION_CONNECTION */;
/*!40111 SET SQL_NOTES=@OLD_SQL_NOTES */;

-- Dump completed on 2016-06-08 16:22:21
